ID,ref_pm2_5
ID_00OZLF7X,36.4453125
ID_00ZI0D98,42.9921875
ID_017GTLAU,43.1953125
ID_01IBM7T2,48.546875
ID_01II27D4,63.8046875
ID_01PKRNEP,23.0234375
ID_021PCRSH,14.078125
ID_0274H7B6,74.3046875
ID_02NFLBYH,45.15625
ID_032LIJKT,24.0546875
ID_060OB5PM,66.69140625
ID_06EFLCQ1,54.5703125
ID_07J2NT68,122.14453125
ID_088T3GY1,56.40625
ID_08NXTHXJ,14.78125
ID_090R0SNF,55.92578125
ID_09A1DQJW,8.234375
ID_09FIRKTW,30.046875
ID_0AOBGKCB,48.92578125
ID_0BHWLJMC,56.3828125
ID_0BKHDOU6,23.5703125
ID_0BRD0DWL,64.62890625
ID_0CXBEOYH,65.41015625
ID_0DDOKYWN,23.48046875
ID_0DID31PG,64.0625
ID_0DVRZUYC,19.9453125
ID_0DYLDE3Q,54.90234375
ID_0F7ZP73J,35.54296875
ID_0FZG7CWV,62.5625
ID_0HINQVMM,32.8984375
ID_0IJNRWJR,36.953125
ID_0IW22706,53.62890625
ID_0JHQ3U2E,65.47265625
ID_0KIGVVU0,16.21875
ID_0L5UL5YJ,53.51171875
ID_0L6HQ584,64.9140625
ID_0LCIWI0O,34.1171875
ID_0LZPOHTV,39.0234375
ID_0MPIZRA0,39.6015625
ID_0N7MZ82Z,99.4765625
ID_0NDHXZAS,10.53515625
ID_0OEOAZQJ,28.828125
ID_0OH8M4JT,59.3203125
ID_0PICZ2AV,22.359375
ID_0POKO7OA,63.4375
ID_0Q0GVMPC,73.9453125
ID_0QAS386Z,88.2890625
ID_0QIU3FIN,13.9609375
ID_0R3FFO14,77.0625
ID_0RH04S3M,69.7265625
ID_0RWN9W4Q,42.09765625
ID_0S1SYRI0,25.640625
ID_0SVFS3L9,71.57421875
ID_0TS7MEFX,139.89453125
ID_0TV9WM4F,2.5
ID_0URP8GWZ,31.37109375
ID_0V4D047Y,49.671875
ID_0VM725EW,50.96875
ID_0W94NHE6,44.6953125
ID_0XC7SYMF,64.0546875
ID_0XH4D131,26.4921875
ID_0XJ66H25,21.65234375
ID_0XMSMERR,36.125
ID_0ZB36MQR,39.00390625
ID_0ZRPQYMV,102.0
ID_10USGSEO,43.25
ID_11X1NG30,147.953125
ID_12EILPSV,92.60546875
ID_12FJKZHG,76.4140625
ID_12XUBBWW,6.3828125
ID_131FHSQ0,49.7265625
ID_14XMEN92,30.3046875
ID_156H7JSD,74.765625
ID_15827AVR,75.765625
ID_15TPMDO9,54.0703125
ID_1668QBSW,48.234375
ID_16UVG1Z9,2.7109375
ID_17EXI4YM,53.2578125
ID_17FNTZTY,76.421875
ID_18O9WELI,23.203125
ID_18U5BGEZ,32.2578125
ID_1987YL70,44.546875
ID_198CU36T,45.0
ID_19JG8ICR,37.09375
ID_19UBEPIC,34.296875
ID_1AB5T959,80.82421875
ID_1AD9JM3Y,34.37890625
ID_1AK81OSF,73.69921875
ID_1AYOTNUY,43.5546875
ID_1BN7L9QX,45.40625
ID_1CRH5CEY,27.4765625
ID_1CW3IXGF,44.88671875
ID_1CZCT9U1,204.3203125
ID_1D6U2XR8,27.29296875
ID_1EN1RO3B,63.09375
ID_1EP9HZWU,38.3125
ID_1ESMNUM1,25.65625
ID_1F3O76JJ,40.99609375
ID_1FF78I9N,97.5390625
ID_1FQIN0T9,89.5859375
ID_1FUT6DN0,39.16796875
ID_1G5AJMJG,43.171875
ID_1GFELIRD,18.96875
ID_1GMS3HIH,58.85546875
ID_1GZTVBBZ,38.13671875
ID_1HM6XJ58,80.7421875
ID_1HOZVUYP,44.5546875
ID_1HSUXAKD,25.734375
ID_1I65DQ7R,58.9375
ID_1J7O4OZ3,42.15625
ID_1JD943CR,40.10546875
ID_1JVANV9U,46.51171875
ID_1K0R5BOQ,40.2421875
ID_1KXNCOOV,27.09375
ID_1L5GVQCE,15.61328125
ID_1LI5FSUE,23.1796875
ID_1LZ1FBOL,28.859375
ID_1MMF5HQC,2.4765625
ID_1MORYDEC,63.3359375
ID_1NSQKFBQ,51.328125
ID_1O2V9C82,50.609375
ID_1ODVG3E7,131.16015625
ID_1OIUK6LV,53.2265625
ID_1OP57M5V,64.8828125
ID_1OW95GJ8,38.0390625
ID_1P76QYZV,77.2890625
ID_1PPM8GMD,63.765625
ID_1Q8W17CB,81.96875
ID_1RBW5QKY,50.8984375
ID_1S4NHOCM,59.1328125
ID_1SYYB53N,84.46484375
ID_1TI3JM0U,30.546875
ID_1U0UYLL2,34.234375
ID_1U21YQHQ,29.09765625
ID_1U4M52U3,38.8046875
ID_1UGC0XY5,94.23046875
ID_1V5R2N5D,29.67578125
ID_1VDNLN58,73.94921875
ID_1VJKHNM4,39.9765625
ID_1WINHQCE,20.3671875
ID_1WWV1FV6,82.9296875
ID_1WYS2CEF,47.39453125
ID_1Y2HT3AS,44.0625
ID_1Y9FGCOE,7.8515625
ID_1Z2UOP0O,39.9453125
ID_1ZIA13O9,48.90625
ID_1ZRUJMAK,27.5
ID_1ZX6NO3G,70.1484375
ID_20WZZNYS,83.109375
ID_21EU12UJ,20.75
ID_21MQ12EC,40.96484375
ID_21UATTBP,62.609375
ID_22855M69,9.375
ID_22A0QTRP,50.28125
ID_22F4V7BU,27.890625
ID_22IYQ8BW,34.2578125
ID_22TZEPIP,63.55078125
ID_22X2GYPE,111.77734375
ID_241HVT51,63.0625
ID_25H4PDTL,83.8125
ID_26VWTZMD,78.796875
ID_28EXN6DZ,15.03515625
ID_28HEX94L,4.0625
ID_28HSL4RG,49.85546875
ID_293WO9SH,61.5625
ID_29SO8WDO,28.390625
ID_2AJQEBY3,37.296875
ID_2AQ8EERD,150.70703125
ID_2AX8YXJK,27.2421875
ID_2B4BBU7N,40.6875
ID_2BPL1592,54.3046875
ID_2BRQEZ1J,80.64453125
ID_2C2TSCJL,46.328125
ID_2CCGJJJU,67.63671875
ID_2CFDAS44,78.69140625
ID_2D95KLRM,49.5546875
ID_2DGMY5YC,27.93359375
ID_2DK6JLG4,9.1953125
ID_2EBGG9YF,41.6875
ID_2FIEWK17,52.26171875
ID_2FRI4B0D,50.82421875
ID_2G0756NB,76.53515625
ID_2G9H886I,18.7109375
ID_2GF4OEG3,32.2890625
ID_2H18YV46,53.1953125
ID_2H4RMBBH,62.578125
ID_2I0R4WK2,68.35546875
ID_2I9JEV0X,44.421875
ID_2IP85HYG,37.9921875
ID_2ITXVA1G,112.75390625
ID_2IVQL5JX,95.4765625
ID_2J3HV98Q,90.2109375
ID_2JBSRNGC,64.77734375
ID_2JBY8M0F,65.109375
ID_2JOTIEMP,31.109375
ID_2JP1GXBY,73.24609375
ID_2JPUD29O,95.33203125
ID_2KGE6ZMP,37.52734375
ID_2KJBEMN0,24.078125
ID_2KK0LWT4,30.6171875
ID_2KMYQAD4,79.375
ID_2L0OWV04,36.75390625
ID_2L6KO405,53.7265625
ID_2LE0NSUI,44.09765625
ID_2M67IGXG,18.55859375
ID_2MBQR2JD,32.3359375
ID_2N4Z4SIY,64.375
ID_2NJIFQPN,48.97265625
ID_2NPL6S4J,29.140625
ID_2NY9VKW7,56.8984375
ID_2OCZY3SH,5.2265625
ID_2OMRGIFP,37.0546875
ID_2Q17SSBJ,24.81640625
ID_2QCH70VA,27.6953125
ID_2QHBLCJE,34.27734375
ID_2QSDHZHZ,45.6640625
ID_2RE6VIAY,38.08203125
ID_2RN35O53,39.578125
ID_2S5VA8YH,37.46875
ID_2S6WH4VA,41.84375
ID_2SI4WFXB,39.7578125
ID_2T3R0R48,26.3515625
ID_2TUO570Q,69.9765625
ID_2UR7S4KB,27.8046875
ID_2UW9TA5Z,29.21484375
ID_2V4YU2ET,97.30078125
ID_2V7WYFE9,72.27734375
ID_2VHGL4S5,27.1171875
ID_2W3S3GVC,58.92578125
ID_2WA5FJXW,50.1796875
ID_2WYF50VY,31.40625
ID_2X1T1JQ2,63.5703125
ID_2X8T3F4R,65.21484375
ID_2XHUQ58H,26.2734375
ID_2XJG20RI,69.92578125
ID_2XSXCJDK,84.98046875
ID_2YMSSE01,27.3125
ID_2Z59RPCF,31.93359375
ID_308ZCH01,52.71875
ID_30BS33WH,72.703125
ID_30DMXPRZ,14.0546875
ID_30JLQ06J,42.1484375
ID_30SBLVDV,121.8046875
ID_31FMESAU,106.6484375
ID_3244CQNF,80.0546875
ID_3397UL3O,19.1953125
ID_33LSGTRB,36.65625
ID_33Y8FNCW,92.51171875
ID_34OANOVX,41.5859375
ID_34VIEM4P,32.234375
ID_34Z8AUGG,3.265625
ID_355NGMHT,50.640625
ID_358KR0O4,65.796875
ID_35V3GLM5,41.03125
ID_35YXIPGS,21.02734375
ID_36PYJBWW,49.375
ID_36Q7RQ62,25.1171875
ID_37QXHNOS,38.5234375
ID_384IBFLU,100.11328125
ID_39DXMEP4,40.9140625
ID_39JYV7SW,48.8515625
ID_39XUHF5R,80.6875
ID_3AWQXLOF,79.6171875
ID_3BU585EK,9.265625
ID_3DDWVNWE,41.4140625
ID_3DFZ85PO,24.75390625
ID_3DUEV7MP,68.8984375
ID_3EIF1A67,30.58984375
ID_3FJRET8I,27.4296875
ID_3G8A0JPJ,62.7265625
ID_3GOSYJNY,49.546875
ID_3H9TCBLL,75.65625
ID_3JT27AAZ,58.91015625
ID_3KA51JAZ,86.0
ID_3KHN1KF9,29.578125
ID_3KYFY813,28.12109375
ID_3M35FRP4,69.38671875
ID_3M7E7KCT,36.5234375
ID_3M9IGJMX,148.640625
ID_3MELPATD,90.27734375
ID_3MTYY9V8,52.1640625
ID_3PHZ2Q60,62.3046875
ID_3QSI85ZT,40.76953125
ID_3QZWSC2F,47.4140625
ID_3RDUN4G0,23.3125
ID_3SA8MMWR,56.671875
ID_3SD0IL0T,62.75
ID_3SDR4BYO,90.90625
ID_3SOGHXRA,33.953125
ID_3T8U3HZ3,133.09765625
ID_3TD7W2H9,38.9921875
ID_3TF9SDQE,45.5234375
ID_3UH8XVG7,125.7421875
ID_3UMZYEY5,15.9609375
ID_3WIF9T63,94.671875
ID_3X5MK0AB,3.90625
ID_3XGRDZ12,50.3828125
ID_3XPS437H,72.515625
ID_3XTMZKMR,27.328125
ID_3YM699SL,102.5859375
ID_3Z449WKS,86.953125
ID_3ZJCQY95,18.9375
ID_3ZRHXGGQ,24.59765625
ID_3ZYFJCRS,52.5625
ID_40KE3QNQ,16.4921875
ID_40NVUXLN,9.421875
ID_41DS3AHF,73.06640625
ID_41FEHYDD,52.62109375
ID_42DOVUA0,41.1015625
ID_42F9X5HR,87.7890625
ID_434XCEX8,26.578125
ID_440HD3FF,46.5078125
ID_44L6TJ5D,16.1328125
ID_455UDMYF,84.01953125
ID_45C5OX5B,86.84765625
ID_45HE6HT1,51.95703125
ID_45O7C5QA,69.71484375
ID_4630L9TB,52.6015625
ID_4653O2U0,132.796875
ID_477ZERKY,71.30078125
ID_47WJUHMF,70.046875
ID_489FB2X8,59.44921875
ID_48GV1ZXC,35.8203125
ID_490IIXDG,40.984375
ID_49Q3NGWH,71.6953125
ID_49UH8X66,11.21875
ID_4A1P54Y2,34.33203125
ID_4AYH7JWC,118.8984375
ID_4BQOB2DS,41.625
ID_4C10BMQB,25.90234375
ID_4CVU44EG,14.3203125
ID_4DGFEQXC,38.078125
ID_4DO5D454,117.21484375
ID_4DQJTWOJ,36.3984375
ID_4ECTK7A9,43.5078125
ID_4EJHOWI4,60.6328125
ID_4ELAOQLS,25.5703125
ID_4F04YEKE,57.546875
ID_4F4FAJ9N,63.72265625
ID_4GH72NIN,46.87109375
ID_4H2HMSOO,59.6953125
ID_4I2Z24XV,48.890625
ID_4IJRDQ8K,42.4140625
ID_4IT82JJU,17.25390625
ID_4IYK0UMZ,46.671875
ID_4J6BXIZV,70.9609375
ID_4JGS98PL,7.3046875
ID_4K5ZD1NP,35.43359375
ID_4KFUVRF3,114.203125
ID_4KSH57NB,63.4765625
ID_4LUSXK0I,39.35546875
ID_4LZ15HIW,69.8984375
ID_4MCZZMQF,55.6328125
ID_4MFEGSBQ,46.9453125
ID_4NSA4VJY,50.0859375
ID_4OCPO0HQ,42.5625
ID_4OMTG07M,14.7578125
ID_4OS9WVF8,56.40625
ID_4QCKU9RT,65.7265625
ID_4R3KN2LJ,21.16015625
ID_4RSBY27D,8.546875
ID_4S8DBR32,39.578125
ID_4SUYI847,34.296875
ID_4T3IYORE,86.65625
ID_4TCWGEE0,39.6640625
ID_4TTJ0K25,26.546875
ID_4UC2JGOB,53.1015625
ID_4V42UD68,44.3359375
ID_4VIH2PPZ,55.2265625
ID_4VNKSU6Y,83.7578125
ID_4VXEG44D,87.37109375
ID_4WTUYM5O,88.7578125
ID_4X7NHPPR,55.3046875
ID_4X8LPU71,15.6171875
ID_4XDDT7QD,38.47265625
ID_4XQN8YIC,12.640625
ID_4YVP1ETV,61.26953125
ID_4YZG3B8N,86.1953125
ID_4ZHISJPJ,54.9765625
ID_4ZT39VDM,50.6328125
ID_4ZZCLWM8,149.375
ID_510A6NIP,80.0625
ID_51E7QI1F,31.00390625
ID_529DNAN1,32.02734375
ID_529GJO39,43.43359375
ID_52PL01BQ,94.6015625
ID_530RIOWP,19.63671875
ID_5356ITRG,49.28515625
ID_537JNUT2,132.265625
ID_552N725O,54.7109375
ID_56BHLJ5J,31.2734375
ID_56UXT2QZ,54.75
ID_574BO8RH,56.9375
ID_57CDAEBV,50.5625
ID_57FFX610,129.26953125
ID_57XX1S09,63.171875
ID_58OI8O3U,118.2578125
ID_598JAECU,61.7734375
ID_59AK1RUT,178.33203125
ID_59PN6C6V,14.9296875
ID_5AHXPG2D,22.125
ID_5B9LV1Z5,119.7578125
ID_5BFSE1V0,18.9140625
ID_5BYSD9YC,41.51171875
ID_5CP9DK4F,51.34375
ID_5CQ42K5J,94.46875
ID_5CZI4CG5,119.6171875
ID_5EVAPBR5,18.74609375
ID_5F6X52WM,30.6796875
ID_5FZ62LPU,32.4765625
ID_5G99K61B,71.8203125
ID_5GK630Y9,54.05078125
ID_5HDGX1LS,42.61328125
ID_5HSWKB40,71.30078125
ID_5I3TK3Y8,59.359375
ID_5IEJ8CW4,13.703125
ID_5ILOA0CI,41.59375
ID_5IQAEQYT,55.97265625
ID_5IQH17QC,21.234375
ID_5ITNCWUQ,15.47265625
ID_5K4OADR0,41.7578125
ID_5K4W4QIM,48.0703125
ID_5KBG7IAH,6.09375
ID_5KLXFEAG,14.7578125
ID_5KOGEUVP,4.765625
ID_5LKT6EUR,26.0625
ID_5M8VJU4D,53.3203125
ID_5MS1IX99,29.84375
ID_5NNMKSUY,57.96875
ID_5OEO17JF,40.85546875
ID_5OXPI8KY,60.88671875
ID_5P7P69CM,47.98828125
ID_5P99EC1K,86.484375
ID_5PFZHUO1,27.671875
ID_5QM93B6N,63.078125
ID_5QY4C1U6,33.9296875
ID_5RJ2HJGL,40.31640625
ID_5SOKIM2F,19.1953125
ID_5SUBHAWO,7.734375
ID_5SV7J7QU,139.73046875
ID_5SXJTX3A,62.1015625
ID_5TFAJIUE,50.203125
ID_5TW534AJ,24.62890625
ID_5UPK756S,27.875
ID_5UZSQSV6,82.30859375
ID_5V6L01HO,32.9296875
ID_5VF8CXOY,32.7421875
ID_5VOVBK7F,24.1484375
ID_5WAMH3NR,68.88671875
ID_5WR6W455,16.7578125
ID_5XM9WVFA,30.609375
ID_5YEYH8ZP,50.171875
ID_5YPRX0TJ,46.28125
ID_5ZL2XCEI,28.23046875
ID_5ZVD0RSM,71.7578125
ID_60QTOZGE,29.26171875
ID_60RSR86V,54.4765625
ID_6175TYV5,22.6015625
ID_633EJPUE,96.80078125
ID_6393H96W,43.65625
ID_63S90YVY,45.8515625
ID_64FYZQ3M,100.76171875
ID_66GVFV9T,38.4140625
ID_67OZVGTH,87.453125
ID_67QHVOKN,36.1953125
ID_68K2RBS0,31.84375
ID_68YEYXX5,128.453125
ID_69K6RDQ3,41.875
ID_6A3B1Z1X,66.16796875
ID_6A5CZCC1,49.7578125
ID_6ADH3FIB,92.7734375
ID_6AQR1SKR,44.57421875
ID_6ASVTMDV,35.015625
ID_6AYEMUJ1,74.390625
ID_6B5385DK,99.97265625
ID_6BDGZFYK,48.1796875
ID_6D09ZX0Z,51.66796875
ID_6DAMDMKY,46.82421875
ID_6E6I7PL2,50.5703125
ID_6E8K15WE,52.625
ID_6EG63EZA,47.2890625
ID_6EH22572,78.01171875
ID_6ES6O65U,35.69921875
ID_6EW8QURF,13.75
ID_6H549JDD,36.6328125
ID_6I39EPJG,12.765625
ID_6I3AD1MI,51.7421875
ID_6IP3610D,22.70703125
ID_6IR5WXFK,30.859375
ID_6IT79OAE,33.7578125
ID_6J3TMOH1,14.8984375
ID_6K3PEW5U,30.953125
ID_6KAVSF6M,34.45703125
ID_6KC53QO8,60.140625
ID_6KFMDAIK,110.3828125
ID_6LHD2SCH,52.3125
ID_6LNSUEI5,35.88671875
ID_6M7C7SLD,73.515625
ID_6MJPBA95,71.4609375
ID_6MV6TQFD,68.1171875
ID_6N8HGEA7,45.6796875
ID_6NPURJPD,157.48046875
ID_6NQ5UN1G,60.359375
ID_6OP1B4AA,45.359375
ID_6P2D5WUU,91.42578125
ID_6PPBFHBN,47.1015625
ID_6PQVISX4,99.0
ID_6R9Y3UV6,6.046875
ID_6RDSYBHA,59.97265625
ID_6RKRJY8B,104.0546875
ID_6RX5TZEO,85.0625
ID_6SC8ZXD1,36.75
ID_6SLMVOSC,64.6484375
ID_6T1BHYWO,31.02734375
ID_6T1IHJW6,125.06640625
ID_6T49DSCX,38.8828125
ID_6TH5KZ1A,91.9140625
ID_6UDY14FE,31.15234375
ID_6UTPSWJP,70.7890625
ID_6UU3S3RF,277.74609375
ID_6UWWELJJ,41.671875
ID_6UZHWJAV,23.1328125
ID_6VCXOURO,26.2578125
ID_6VGNFEFP,45.1875
ID_6VJM0NAO,24.421875
ID_6WRAL1Q8,32.8984375
ID_6X9K7E81,52.9296875
ID_6XQNVMCK,25.75390625
ID_6XTF9OBK,34.8828125
ID_6XZDATCA,222.52734375
ID_6YK3LMKT,30.1953125
ID_6ZA3A3JU,37.7265625
ID_6ZBVHG3K,31.60546875
ID_6ZL73R15,45.1484375
ID_70CV9ED3,50.8828125
ID_71GJ6AKR,46.62890625
ID_71WC397G,40.75
ID_71YRQNFI,29.98046875
ID_72H1Z13H,79.1328125
ID_74BCRYCM,56.375
ID_752HZAHY,34.77734375
ID_756ID0UT,28.45703125
ID_758HJ73O,24.890625
ID_75ZMHS4O,19.375
ID_77AR0A0Z,17.0859375
ID_78GWOH69,30.921875
ID_78UV9T7F,238.12890625
ID_78W4ND75,41.90625
ID_796TAXGE,64.07421875
ID_79QNTYQU,49.8203125
ID_79Z1YMDK,35.6015625
ID_7AWNX35B,40.015625
ID_7BPQGTS5,55.02734375
ID_7BPSH83C,83.63671875
ID_7BXHW69B,76.3828125
ID_7C4HMK3B,18.5546875
ID_7CBNSTI3,54.7578125
ID_7CNIS8HW,45.3828125
ID_7DKHDU40,37.96875
ID_7DRE9OJ8,66.24609375
ID_7EK4LZEM,62.046875
ID_7EYFX6RT,61.04296875
ID_7FASZWP9,36.7890625
ID_7FSQMVI5,108.921875
ID_7GBOXWT7,51.28125
ID_7GFV00GB,66.1875
ID_7GRUTKIJ,42.390625
ID_7HZQWXZI,3.484375
ID_7IDV0CMC,55.15234375
ID_7IU21M60,7.2421875
ID_7J3C5APA,0.71875
ID_7JL3KQ0V,75.99609375
ID_7JN9K42C,47.671875
ID_7KLBB6IL,69.53125
ID_7LMU3MF7,39.5078125
ID_7LZN1OE3,58.328125
ID_7MEKC84R,67.59375
ID_7O75C493,23.8203125
ID_7P7E82WO,89.8828125
ID_7P8BW7D1,144.390625
ID_7RC7VFIX,59.3359375
ID_7SIQJWX7,58.9765625
ID_7UMUOLKM,18.0859375
ID_7UNCH7IH,20.97265625
ID_7V38ML27,80.6640625
ID_7VCMIEEA,80.24609375
ID_7VQL5NEY,56.46484375
ID_7W5MQCZQ,68.96875
ID_7W5ROULD,90.25
ID_7X24FWT2,71.28125
ID_7XJR8V5H,104.66796875
ID_7ZDM5Y7L,35.66015625
ID_7ZE1QQ8M,23.61328125
ID_7ZI2DP2G,63.859375
ID_7ZNS057N,67.87109375
ID_7ZZEPTWN,43.546875
ID_80PE1V8K,68.73828125
ID_80QBAO9G,35.45703125
ID_80UVYUAG,40.81640625
ID_80XJS78B,111.3125
ID_8186MKOP,45.2890625
ID_81F9439R,50.390625
ID_81WNHQZV,173.0546875
ID_86CYG4ST,28.234375
ID_86VROQ4O,38.6796875
ID_86VWHAWL,43.5390625
ID_87FV6JOA,68.484375
ID_8804P92M,39.0390625
ID_88ZCMBJN,133.8359375
ID_8AC3BT6J,49.078125
ID_8AKAD0S7,65.6796875
ID_8ANW5D1B,31.3046875
ID_8AXM87PI,18.34765625
ID_8BDKOKQ1,42.96875
ID_8C8PUSQ6,44.69921875
ID_8CDUMYKK,74.546875
ID_8D18DIWL,63.45703125
ID_8D46CWAL,141.8046875
ID_8D5O7GPV,24.984375
ID_8DBFEEPU,11.5546875
ID_8DGWD8B3,14.65625
ID_8DQJ63Q8,93.70703125
ID_8E2F6LYD,65.55859375
ID_8E6Z6LBQ,50.4453125
ID_8G2MTZA0,91.06640625
ID_8GJ5V035,34.65625
ID_8HS5TNNQ,66.9375
ID_8HSAU8HH,32.3203125
ID_8ID54OFW,60.8359375
ID_8IUTLOEO,46.30078125
ID_8JQXQVCA,20.7109375
ID_8K0D5YCX,116.703125
ID_8K2IXS0R,38.9375
ID_8KCIWIU7,69.3203125
ID_8KKGEHZW,81.58984375
ID_8KPYZO1X,30.33203125
ID_8KUUBFNL,30.46875
ID_8KZOLEEL,26.390625
ID_8MA7F0L5,23.8359375
ID_8MLUEWTS,39.671875
ID_8MMPKOKC,53.15625
ID_8N1CC8OB,-10.171875
ID_8NBGYK8C,21.89453125
ID_8O8O8MDK,39.0625
ID_8OCCE1H6,105.125
ID_8PSM2Z66,30.328125
ID_8RVH2F30,44.8359375
ID_8SXQBPKC,28.7890625
ID_8TMRPQA9,60.8359375
ID_8U1BKM0S,65.1328125
ID_8URYOXBP,27.44140625
ID_8UVA2J1L,48.42578125
ID_8VE67PZL,65.9453125
ID_8VMT8KM2,22.734375
ID_8W25LBZR,58.03125
ID_8WV75U9W,107.3671875
ID_8WXWY0J7,31.375
ID_8XMEHM5U,30.2890625
ID_8Z8A2HWI,22.18359375
ID_8ZGH06PN,7.90625
ID_91X7ZMRL,84.796875
ID_92YJ0M75,55.8125
ID_930WZ4DS,43.1171875
ID_93A3JF3Z,36.1953125
ID_93G00NDF,39.3359375
ID_93GDMHSP,102.0546875
ID_943FXHXK,51.2421875
ID_958QN3A5,47.65234375
ID_95NFWN7M,57.2890625
ID_966U3YQ9,22.828125
ID_969IHOWA,22.03125
ID_972W6HDI,29.21484375
ID_97IPWB23,48.88671875
ID_97M8JWKO,28.8125
ID_983HG20M,97.8203125
ID_988D805Z,14.8046875
ID_98K1AC7Q,81.3828125
ID_99D9BXFY,30.87890625
ID_9AY3WR11,39.1875
ID_9B3P3M7N,33.1640625
ID_9B5YZC19,51.2890625
ID_9C681D93,51.125
ID_9C9OESHO,110.1328125
ID_9CJTNE9A,42.4140625
ID_9D3OPYIB,86.05859375
ID_9DSX36AE,19.9921875
ID_9EEGWJ9S,49.88671875
ID_9F34EYLC,113.9765625
ID_9FD1MOCL,9.109375
ID_9FEDEAQ3,42.234375
ID_9H4O06JF,60.3515625
ID_9IDXFO1P,20.43359375
ID_9IMAN9U7,68.7890625
ID_9J12CH1W,55.8125
ID_9JKFYWYP,30.9296875
ID_9JNHGHBL,78.59765625
ID_9K5H4FND,48.265625
ID_9KAD41AA,48.22265625
ID_9KG85A98,43.90234375
ID_9L3X3VD3,29.09375
ID_9LMWIL2R,63.3203125
ID_9LZR6JIJ,63.90234375
ID_9N7TBZCZ,23.62109375
ID_9NWONPTC,11.1171875
ID_9O7TKH3S,13.1015625
ID_9OXLC0FR,68.4453125
ID_9P0YNTT8,70.1796875
ID_9PLQ0JTR,55.88671875
ID_9Q2QJVJV,26.9453125
ID_9QF714VE,101.85546875
ID_9RA5N5L6,43.96484375
ID_9REMC6IE,5.71875
ID_9RI4EYJQ,6.921875
ID_9RI8RU92,99.19140625
ID_9RMI4VEW,42.5390625
ID_9SLFVA7Y,23.7421875
ID_9T2ACJCH,204.8203125
ID_9T4JF3C4,32.7109375
ID_9UM1VWYJ,82.9765625
ID_9UO3Z8J7,85.9921875
ID_9V68YQ5B,85.48046875
ID_9VQTJDAZ,36.28515625
ID_9VXW3N0I,23.234375
ID_9W8ESKIL,69.0546875
ID_9W9CO2R4,60.828125
ID_9WXSTTJH,50.078125
ID_9X7KZSP0,22.109375
ID_9XF5SCXG,40.4609375
ID_9XGIBZKO,24.2890625
ID_9YJUCTJF,35.7109375
ID_9YW588G2,48.8671875
ID_9YXUAGPE,53.0703125
ID_9ZNBFEYT,31.78125
ID_9ZQXE9N7,21.8828125
ID_A00GKA33,33.79296875
ID_A0IE9XQK,20.1796875
ID_A17CN5LE,51.7890625
ID_A1KSNA1X,35.359375
ID_A1L76T5X,83.4296875
ID_A2QXVSGK,44.203125
ID_A3PGDVBZ,19.8828125
ID_A4MO1L9U,137.32421875
ID_A4XGZYJP,12.421875
ID_A5IWMB3W,31.84765625
ID_A6134LBY,67.30859375
ID_A68SQRD1,58.59765625
ID_A69L09MP,51.25
ID_A6J5N3IZ,108.125
ID_A7GA0ECI,63.4609375
ID_A7LISWBC,36.703125
ID_A7ZK4EGJ,38.57421875
ID_A801JX7R,103.2265625
ID_A807FC01,60.37890625
ID_A85TZALY,118.7578125
ID_A8AW2CYT,59.73828125
ID_A8KED66X,196.578125
ID_A8LUHFSX,70.421875
ID_A8WAHGO0,36.90625
ID_A9CE0L0M,32.3515625
ID_AA6DDHNN,68.3046875
ID_AA7FHDPW,55.84765625
ID_AA80IO0F,99.94921875
ID_AAJLA86R,47.87109375
ID_AAUCTXSZ,15.9140625
ID_AB0AD9QH,65.57421875
ID_ABDJXIS9,64.3984375
ID_ABJTPKOB,77.4921875
ID_ABX3XDAJ,100.6796875
ID_AC71VOPR,60.296875
ID_ACDQH6Z4,84.0546875
ID_ACJ1MPLU,78.5859375
ID_ACLJHSAW,115.55859375
ID_ACLLXQJ9,57.83984375
ID_ACLPYC4V,56.61328125
ID_ACPOQYP3,31.35546875
ID_ADFIF6EM,39.9453125
ID_ADSPN5T8,71.8203125
ID_AE48M8Q2,69.3515625
ID_AE6LCM8W,45.2421875
ID_AEEVDDWD,45.6015625
ID_AEHPLVQ4,172.6796875
ID_AFQTKB06,53.4140625
ID_AFRKVKT0,53.8046875
ID_AG3R0FRS,24.41015625
ID_AGB11M2O,14.5078125
ID_AGIYNNBF,80.87109375
ID_AHVD4SMM,72.49609375
ID_AHVEIGW8,26.390625
ID_AIRM119P,16.234375
ID_AKMZETST,57.98046875
ID_AKNFCUAP,4.3203125
ID_AKT4MMCX,49.95703125
ID_ALHTCI7W,31.57421875
ID_ALTMJLLL,62.59375
ID_AMQGYLUA,33.80859375
ID_AMWCEFJK,110.35546875
ID_ANPJQPSM,63.10546875
ID_AOA02TVK,89.61328125
ID_AP0GBEGS,34.0234375
ID_AP5EEJP6,40.1328125
ID_APB9LM2F,23.21484375
ID_AQ72ASA2,24.078125
ID_AQV1MILW,52.5
ID_ARCZJ7LV,54.59765625
ID_ARFS6FC6,135.3984375
ID_AS80EYCB,39.0703125
ID_AT599IDR,18.625
ID_ATABX1BO,57.15625
ID_AUSI1ZKC,59.7421875
ID_AVO0LN3T,144.390625
ID_AVRVCE6W,69.234375
ID_AVTNEK8U,41.421875
ID_AWPO9TJ7,84.23828125
ID_AX3SFEIV,49.171875
ID_AX9AIA0W,10.765625
ID_AXDW01XL,66.3515625
ID_AXSVCZCU,42.03125
ID_AXYDSHAB,48.06640625
ID_AY154AVY,11.0859375
ID_AYK47GYZ,25.59375
ID_AYUUOSU0,44.78515625
ID_AZ7MLFSA,90.8671875
ID_AZPQ1876,64.81640625
ID_AZTMOL7R,8.9609375
ID_B0GCOUE6,47.765625
ID_B0JMWT38,27.66015625
ID_B0LW4J4M,77.3671875
ID_B1BWPHVL,121.078125
ID_B1FE6QFP,45.421875
ID_B1TH6MYB,32.015625
ID_B2D58NB3,13.1328125
ID_B2EEWYR7,34.15625
ID_B3DGZLRA,21.8671875
ID_B4J4EKED,25.5546875
ID_B4RMGJCX,85.6875
ID_B4VKZF7E,51.55859375
ID_B56SDOAK,28.8515625
ID_B5GNSQZH,34.1171875
ID_B5V7Q616,54.375
ID_B6AVK128,54.296875
ID_B6IK9CA1,57.99609375
ID_B7N9TQ0N,49.875
ID_B7Y1JNW0,9.5859375
ID_B80JJBX1,43.73828125
ID_B8JYFESQ,50.4375
ID_B8YEQQTF,66.4296875
ID_BA3QCTFL,31.109375
ID_BA4FJTO2,34.7421875
ID_BA91O1F9,52.65625
ID_BBRD114G,3.140625
ID_BD3QDDLC,129.65625
ID_BD4HB5D9,60.7734375
ID_BD8GTRWK,38.671875
ID_BDDZJW98,52.0703125
ID_BEBXP78Y,56.54296875
ID_BEHPIJ4Z,45.3359375
ID_BF3ONF9P,25.9140625
ID_BFBO99WO,47.5
ID_BG5DMYP2,72.078125
ID_BG8PTWIO,29.33203125
ID_BH07HPA2,96.2421875
ID_BH8KZEW9,64.34765625
ID_BHVTNVMP,38.3515625
ID_BI4CMGXW,43.3359375
ID_BI7Q9F9N,40.6015625
ID_BIP5AVPE,45.578125
ID_BITUMZF9,67.5546875
ID_BJEVM63D,35.21484375
ID_BKUZPC2N,48.52734375
ID_BM0CQ743,65.5078125
ID_BM0O1SRJ,47.1015625
ID_BMEG07OJ,52.140625
ID_BMXFFF7F,64.8046875
ID_BO8TFQA3,84.8359375
ID_BQOG61QT,24.4765625
ID_BQPE87DK,57.2109375
ID_BQRO3WKH,43.62109375
ID_BTV8QZTE,63.734375
ID_BU27MC1V,47.2890625
ID_BW07XF1S,13.4921875
ID_BWCUQWKZ,54.7265625
ID_BWP97BW6,38.5703125
ID_BWPM1I8G,30.6640625
ID_BX9Z8VAS,71.73046875
ID_BXPG5GO7,53.03125
ID_BXRSX7X8,50.9609375
ID_BZ9JPZUU,141.26171875
ID_BZN5U7BZ,64.734375
ID_BZNQSL7H,13.125
ID_C03RI6BW,37.0546875
ID_C0EM46U9,29.79296875
ID_C0RZ4RMI,61.55078125
ID_C1728Q13,78.7734375
ID_C2K7Q35W,66.6484375
ID_C2MXRN6W,49.234375
ID_C2VB8KW7,95.828125
ID_C3C1W71B,-4.8125
ID_C3L7ASNO,47.578125
ID_C3QPFRZF,104.328125
ID_C4PP02JH,18.3125
ID_C4S29YBT,31.7734375
ID_C4Z36HUQ,78.66796875
ID_C59OZBMU,76.9921875
ID_C68UCKNB,41.59375
ID_C6NYO8M6,55.828125
ID_C6S6ON9D,69.09765625
ID_C6W53NLB,52.34375
ID_C75JTI4K,28.96484375
ID_CB4DTYNW,69.84375
ID_CBG4LQP2,79.859375
ID_CBGPUNPA,78.984375
ID_CBMBF1KI,23.3828125
ID_CBT32IHX,42.0703125
ID_CCXII2GA,29.98046875
ID_CD98MAEM,103.82421875
ID_CDS4CISG,23.8125
ID_CE6TRA83,112.19921875
ID_CE7U1WZU,60.171875
ID_CF8OB9YK,43.12109375
ID_CFCG35QO,11.7734375
ID_CFDPI8GD,26.54296875
ID_CFVZ8OWK,172.17578125
ID_CFWP7C4D,67.75
ID_CFZLTJ9W,37.84375
ID_CGF61REW,91.1796875
ID_CGOOC5IR,42.7734375
ID_CHOCRE07,38.4765625
ID_CHOEUJKS,57.6796875
ID_CHZM7C9B,66.30859375
ID_CIBV8L8M,33.125
ID_CJVQDDAX,143.421875
ID_CKQOQW34,20.7890625
ID_CL30NZPD,99.49609375
ID_CL3PB4XX,57.95703125
ID_CMFZM82J,81.2734375
ID_CMNXXTBG,-6.0625
ID_CNC5H21T,24.2890625
ID_CNDHJHNG,62.953125
ID_CO8KBQF8,40.65234375
ID_COFGUML4,41.74609375
ID_CPNPR6IX,56.64453125
ID_CQD3O3N0,72.7890625
ID_CQKRRRXP,58.17578125
ID_CQUG40ZS,88.48046875
ID_CQZWN57H,41.21875
ID_CR0SFTSP,34.453125
ID_CS2GTYKI,64.3984375
ID_CSPTD082,59.5390625
ID_CT903NJV,96.9375
ID_CTMFOY6A,117.69921875
ID_CU2F1U1R,18.0
ID_CU2Q8290,72.140625
ID_CU9SYN23,22.25
ID_CV2CTWSW,68.3515625
ID_CVC5VTE0,55.1875
ID_CVCUYB64,34.5078125
ID_CVICPIUI,60.046875
ID_CVYCIQN9,37.640625
ID_CVZ8OVNN,59.4453125
ID_CX6C141F,50.1640625
ID_CXT63ZXB,62.90625
ID_CY3UEMZ7,102.5078125
ID_CZZ3BVJY,44.44140625
ID_D27FGDS4,49.234375
ID_D2HM9VV4,39.81640625
ID_D30GK0QW,22.703125
ID_D36Z9V1V,74.04296875
ID_D3DRF5PS,34.359375
ID_D3GJPFHB,36.78515625
ID_D41P9F5M,38.3515625
ID_D4X1810P,54.14453125
ID_D54A6J6H,9.7421875
ID_D56KYNK6,42.81640625
ID_D5PRR2J4,61.9609375
ID_D73R0OIF,31.765625
ID_D7D4R30X,70.66796875
ID_D7W2TF8T,36.578125
ID_D88KE810,29.09375
ID_D8EIM7JJ,61.01953125
ID_D8KY48AL,31.90234375
ID_D988TX86,57.1328125
ID_D9MX1T14,54.359375
ID_DA5DUJNP,50.6015625
ID_DA65XFD5,26.4453125
ID_DASV7ERY,57.5625
ID_DCBK0F8E,64.37890625
ID_DCEIMDQ9,109.5078125
ID_DCXXN1OB,85.95703125
ID_DE3QTNLN,66.48828125
ID_DE3UB4KF,42.8671875
ID_DE5ONRVJ,11.1796875
ID_DEDX4TN3,40.140625
ID_DEPF1MSS,65.3359375
ID_DFXKPLD8,41.15625
ID_DG1AXLVH,41.046875
ID_DGJRTB6A,57.59375
ID_DGXU6OZ0,38.203125
ID_DHK42JE2,37.0859375
ID_DHO9ZVK0,31.78515625
ID_DI60H15I,176.6484375
ID_DIR1X0KZ,54.44921875
ID_DIX6RG3V,32.20703125
ID_DJIC4I6G,27.22265625
ID_DK1VUM89,34.7109375
ID_DKUU6UT1,61.35546875
ID_DLBAWZP0,21.30078125
ID_DLBQGI3W,49.8828125
ID_DLGJ1IB0,39.578125
ID_DLOM2W57,43.44140625
ID_DM7VHZLX,63.734375
ID_DNEFMO3A,91.80078125
ID_DNFUYM0Z,72.4375
ID_DNX6TIM2,49.578125
ID_DOFGIZ8C,37.4296875
ID_DONCLYNI,30.171875
ID_DPJ1F8B9,48.26953125
ID_DQ87BEZP,53.03515625
ID_DSB0NZ7R,41.0234375
ID_DSB89IZ8,79.65234375
ID_DSG1N2YL,24.2265625
ID_DSZ6GG9Z,95.9921875
ID_DTRKWCTK,59.2578125
ID_DUJQ8214,43.0234375
ID_DV0U7X5V,19.40625
ID_DV6I65IK,42.0859375
ID_DVSV9M4T,32.109375
ID_DWBSV0J2,29.21875
ID_DWBT9QG2,32.546875
ID_DWHXMS0P,44.02734375
ID_DX4LF9E8,53.65234375
ID_DXL5LRRW,56.78515625
ID_DXTFL2W7,30.5703125
ID_DY0OSFCA,46.74609375
ID_DYGGVJEG,4.328125
ID_DZ0PJW9B,32.359375
ID_DZ0UNZPQ,46.88671875
ID_DZDKZHPE,101.33984375
ID_DZMEDKQ0,55.32421875
ID_E0JE5JBA,37.375
ID_E0RTY1Z3,33.5546875
ID_E1E9QI66,55.4765625
ID_E2ESTYUH,32.9609375
ID_E2RD3O2A,60.890625
ID_E4VB6GLR,15.3203125
ID_E51LRYNG,15.0234375
ID_E5VMU8UD,27.5859375
ID_E66XCP7H,11.625
ID_E6IVDQKF,35.45703125
ID_E733Q1T3,97.88671875
ID_E737J0RP,32.3515625
ID_E7CHSAJP,60.9296875
ID_E7QDBOCN,28.0078125
ID_E82RPSTT,44.484375
ID_E8FP7U2F,44.1953125
ID_E9A6T0EW,49.8046875
ID_E9F2SMY7,23.56640625
ID_E9QGS223,34.5390625
ID_EA1J50MG,48.390625
ID_EAB8SGRP,87.34375
ID_EBQNNBM2,44.1796875
ID_EDK38T01,54.1171875
ID_EE3WWGH5,67.26953125
ID_EED1CJLV,16.1328125
ID_EFC82UUK,28.64453125
ID_EGZVWMD8,27.76171875
ID_EHNN3BCU,29.4921875
ID_EHR2A25H,26.1640625
ID_EIGOXE0N,67.390625
ID_EIIZ7UOW,47.6171875
ID_EJ6R0EQY,22.015625
ID_EJ9BIF85,32.2734375
ID_EJJIT6NO,72.9140625
ID_EJMJ2CUE,120.12109375
ID_EKOTE515,53.3359375
ID_EKUEEAIV,32.609375
ID_EL99Y5W8,28.73828125
ID_EM5N4TY5,72.828125
ID_EN9VA13P,151.984375
ID_ENGIDFFJ,62.36328125
ID_ENM87E47,25.2734375
ID_ENP4E816,101.9921875
ID_EOF5OU2J,30.03515625
ID_EP6Y7VIL,25.31640625
ID_EPR9PXFL,21.3828125
ID_EQ4CCP8K,21.7109375
ID_EQ83ESMJ,87.43359375
ID_EQVUNQOX,98.48828125
ID_ER337S3D,65.921875
ID_ER4BZPJ2,46.3984375
ID_ER9NCWPF,90.7109375
ID_ERPR4ECC,41.9453125
ID_ERX3UFKL,37.78125
ID_ES17IHPY,21.8125
ID_ES9BE7OV,40.578125
ID_ETMS3H2Q,67.7734375
ID_ETVI0YS4,61.453125
ID_EUPGE6LM,58.21484375
ID_EV2JIZIF,101.53515625
ID_EV9JEVNA,50.4296875
ID_EVEQI9T1,118.25
ID_EVOU1S58,151.31640625
ID_EVTFT0M0,11.15625
ID_EW3QVN7L,83.53125
ID_EWVYP4VC,216.0703125
ID_EXQAIY23,46.3359375
ID_EXQHF4BG,8.2734375
ID_EXSXUU3Y,29.671875
ID_EYXNQHDC,99.28125
ID_EZ6LLUC6,41.5859375
ID_EZMCSFV6,78.08984375
ID_EZTKESTY,70.671875
ID_F0JRFDOI,30.34375
ID_F0KMJI3F,50.765625
ID_F2KYS5JV,34.5546875
ID_F2RDM90F,58.6171875
ID_F3MIP4CD,30.8203125
ID_F3MZ4CNP,60.65625
ID_F3VHHWPF,28.1171875
ID_F41PBX6P,38.328125
ID_F4PWGW5L,8.8984375
ID_F4QNEII7,27.37109375
ID_F4XI47RU,93.14453125
ID_F570F362,60.84375
ID_F5BN0LNV,53.1796875
ID_F5Q2FD14,65.14453125
ID_F5U2TIRG,55.1484375
ID_F6NDRX1U,47.83203125
ID_F7EQONFX,56.1328125
ID_F7F1HUIM,62.2109375
ID_F7XB9OEO,127.29296875
ID_F8644Z6Q,25.4140625
ID_F8YCUILN,21.48828125
ID_F96U4P8F,193.98046875
ID_F9V18241,40.94921875
ID_FA09P5Z2,50.94140625
ID_FAQO7OQC,17.2265625
ID_FB8I06B5,76.16796875
ID_FBLCB9SK,49.58203125
ID_FBOMUOAR,89.46875
ID_FC5SXJQJ,13.0703125
ID_FD56ENNN,67.796875
ID_FDOWNDFY,44.0234375
ID_FDSUV52I,41.6171875
ID_FFC9OP06,122.50390625
ID_FGF0F4IW,61.640625
ID_FGKW949M,44.37109375
ID_FGYVPHXX,52.328125
ID_FHAOH1J5,22.546875
ID_FHLKLKHU,49.140625
ID_FHZ3WZUT,18.2890625
ID_FI5IIULX,29.0
ID_FIUE720J,189.53125
ID_FIZTO1ZL,66.27734375
ID_FK1CZY49,131.3203125
ID_FKKH08GC,62.3046875
ID_FLALV0QW,67.9609375
ID_FLARVR65,71.203125
ID_FLZIWXDD,52.89453125
ID_FLZS7EYR,20.3671875
ID_FMBFVKH4,27.53125
ID_FMWLQH47,34.84375
ID_FND3SUEN,55.55859375
ID_FNK3U7N0,70.66796875
ID_FOK98J7U,64.296875
ID_FOVE3ZWZ,34.8359375
ID_FOVH0PRU,32.265625
ID_FPPSHGGI,48.1640625
ID_FQE9SVFV,20.234375
ID_FQKP0P6T,16.80078125
ID_FQNYXAJ5,50.53515625
ID_FQPPAY9S,54.2265625
ID_FSWARE1Y,35.4296875
ID_FT9P4JG5,44.9453125
ID_FTQH7E7L,69.2421875
ID_FTY68DW3,42.828125
ID_FU49K7VD,174.390625
ID_FV2P18OH,31.46875
ID_FV2VCKSF,29.10546875
ID_FVB2UI7Y,62.7578125
ID_FVJ6E3IT,18.3046875
ID_FXYTI8FX,57.078125
ID_FZBOL8JP,48.3359375
ID_FZTX5TBK,19.890625
ID_FZUYBZLL,73.375
ID_G02J5H0J,66.90234375
ID_G0OSMYP4,29.61328125
ID_G0QLVSOH,44.1875
ID_G0TAKFJW,110.77734375
ID_G0WNM0E4,154.390625
ID_G29CDCIG,25.84375
ID_G3EIME5A,34.46875
ID_G3GIZGDH,69.2265625
ID_G3TYC2BG,67.6015625
ID_G4BXY0KO,31.67578125
ID_G4TDGBTK,89.73046875
ID_G4UDYGEJ,49.1640625
ID_G5AXCD33,41.6953125
ID_G5DEV1QP,62.0703125
ID_G5HNPS0J,47.453125
ID_G5RGMRRT,40.27734375
ID_G66HIYVP,39.7890625
ID_G6EU6FSH,48.6015625
ID_G7LB5XTD,18.14453125
ID_G88WHO77,35.8515625
ID_G8AQWSZM,61.3515625
ID_G9A41BHN,31.0703125
ID_G9N4U4NF,60.234375
ID_G9SUWUFJ,52.3046875
ID_G9ZKK340,4.1015625
ID_GAJML6IY,21.6484375
ID_GASZBS50,48.3203125
ID_GATL9EK3,41.01171875
ID_GATOMND3,32.25
ID_GD0E479P,56.921875
ID_GD4C5Q1S,37.6953125
ID_GDOMIUQX,36.875
ID_GER5XBZ8,55.96484375
ID_GF3SRN1Z,37.3515625
ID_GFWOWWZ5,5.421875
ID_GG3QXNYU,3.6875
ID_GICMGSG5,28.49609375
ID_GJ2CSTTJ,54.7734375
ID_GJ8ES7J9,0.0
ID_GJGH1Z8N,29.1953125
ID_GK2YWAHI,24.625
ID_GKRTVQ1A,5.4375
ID_GKSM6UHH,66.44140625
ID_GKWTHZ9T,34.9296875
ID_GMNCWKVX,32.375
ID_GN9JDKU7,54.859375
ID_GNP54RU8,42.98828125
ID_GNT4V8XT,43.171875
ID_GNVRX9KC,55.73046875
ID_GNXCHPJ0,63.92578125
ID_GOAMWIPP,48.875
ID_GOOW7WOJ,29.3515625
ID_GQ07O387,65.0
ID_GQNH1ZM3,29.60546875
ID_GQNQ57HN,29.69921875
ID_GQSL49PP,39.5703125
ID_GRK1P9C8,54.3125
ID_GSD8PZXI,57.3203125
ID_GSGQL2NT,63.36328125
ID_GSMBUEBZ,35.6875
ID_GTLPJ8RW,24.078125
ID_GTOVGODL,85.90625
ID_GUIOS9I9,62.2109375
ID_GUKQ4EDW,92.07421875
ID_GUYORI6Q,51.1328125
ID_GVIDS86A,82.9296875
ID_GVL2CGXE,23.1171875
ID_GVYW4F7I,43.0703125
ID_GWMQ0MAI,18.5625
ID_GWMXOGWJ,60.91015625
ID_GWR66WLW,60.7734375
ID_GWRBPIDR,38.21875
ID_GWX6P529,54.9375
ID_GX96CSPT,33.4140625
ID_GXS0QKEZ,44.703125
ID_GXYDGT08,61.0234375
ID_GY7O2P5E,54.3359375
ID_GZBYQN48,60.93359375
ID_GZHQ6QML,79.30859375
ID_H0ZDIXA4,56.6015625
ID_H1AW2G1C,37.21875
ID_H26R5BZ0,43.25
ID_H2UHRS4D,26.01171875
ID_H2XG46HW,51.4765625
ID_H3QNLOOB,79.875
ID_H3SBQK4E,28.0234375
ID_H3YE3ST9,32.375
ID_H59E5LJG,77.953125
ID_H5I3IPJQ,57.9609375
ID_H5O10X2X,43.9453125
ID_H5P9JVDC,89.76171875
ID_H5V0N58M,52.359375
ID_H7N6XXDN,21.84375
ID_H83Z39HV,29.78125
ID_H867GNF8,21.27734375
ID_H8J8ND9X,66.2109375
ID_H9LD6PMW,74.453125
ID_H9T48H4L,25.17578125
ID_HAOX18EK,36.078125
ID_HAPX71NZ,27.84765625
ID_HAYU94QL,72.8515625
ID_HAZ0IO9E,62.1796875
ID_HB3G1L7B,103.984375
ID_HB5LYSQB,36.71875
ID_HCN3SQHE,63.1484375
ID_HCTJVTE9,50.453125
ID_HCVOTL5O,146.64453125
ID_HD8K1W4I,53.53125
ID_HEUKGM16,70.12109375
ID_HFVHWX5G,39.24609375
ID_HG2579UF,33.40625
ID_HGTKMAOK,16.453125
ID_HHCEJDLK,132.99609375
ID_HHQC6R1Y,13.859375
ID_HIH527AE,30.7578125
ID_HIQ7NRBF,55.5390625
ID_HJRXWP4L,270.8046875
ID_HK3OODWD,47.59375
ID_HK9J0MDE,58.3671875
ID_HKBAJK6O,43.2890625
ID_HLDWLLX9,-6.84375
ID_HM1TP33Y,44.01953125
ID_HMDR1FK6,104.671875
ID_HNEFJ88A,53.77734375
ID_HP7PH19Z,213.90234375
ID_HPGQIBUX,22.515625
ID_HRWIGYMR,37.30078125
ID_HS49J2O9,62.796875
ID_HS901HXD,107.7578125
ID_HSA0BPO6,49.640625
ID_HSQI3VDH,74.8984375
ID_HTHN90QJ,43.2890625
ID_HTZWV1JU,51.48828125
ID_HU9QNRW9,35.3984375
ID_HUB5Q83N,66.81640625
ID_HUI4BP63,65.81640625
ID_HV6LZZGF,59.390625
ID_HV6MD9YV,91.96484375
ID_HV6MJ1FE,23.53125
ID_HVU7XCPN,83.03515625
ID_HWJU0KP3,45.52734375
ID_HXAE1B1L,99.78125
ID_HXIRMZ28,43.63671875
ID_HXRQ9FOV,45.61328125
ID_HY0TRLE9,46.109375
ID_HYEJIS81,26.984375
ID_I0GI5BPC,25.75390625
ID_I0S0EICU,63.90625
ID_I0WBDDHL,131.12109375
ID_I0YWSWTH,47.40625
ID_I26MIO7U,41.0703125
ID_I270DW96,26.109375
ID_I2J3A1U1,68.22265625
ID_I33RW6EL,25.5546875
ID_I3AK2WQM,15.984375
ID_I3FSOGQ2,19.38671875
ID_I4MEMECS,67.7734375
ID_I5P6QF02,47.703125
ID_I5R25XV3,4.8125
ID_I63RJUTG,57.91796875
ID_I6LQ1GWK,35.40625
ID_I6Y4G0DU,78.578125
ID_I7R7GV78,33.2109375
ID_I7TZSPC1,24.109375
ID_I8JOEW19,28.2265625
ID_I91PD94Y,36.15625
ID_I97BHIEH,36.1171875
ID_I98N7T9U,28.2109375
ID_IBEG1OA7,17.8671875
ID_IBR9ON54,42.26171875
ID_ICACO69Z,37.8984375
ID_ICFMA8HY,21.36328125
ID_ID92667I,94.78515625
ID_IDUTFWE2,24.671875
ID_IDWQPLZQ,16.1171875
ID_IF622JPO,68.8984375
ID_IF75YGHF,26.8671875
ID_IFCDBZL3,49.765625
ID_IFQW2ZA4,22.453125
ID_IGG7I9U6,35.265625
ID_IGN2V76Z,52.39453125
ID_IH17NXDA,24.4921875
ID_II8HBM0X,27.46875
ID_II8Q9WM7,44.6171875
ID_IJTTVS6F,31.43359375
ID_IJVD3IPA,184.60546875
ID_IK4GH04J,67.3828125
ID_IKIBBO06,73.6484375
ID_IKKJ1G2M,69.765625
ID_IKLK5OBK,67.12109375
ID_IKWDL28R,14.859375
ID_IMIFVRPU,36.953125
ID_IO3DSM1M,48.5
ID_IOW2HZAA,86.1640625
ID_IQMDFXSK,13.3125
ID_IRA10OW0,28.1875
ID_IRGVINQG,42.8828125
ID_IRY2R3JK,28.390625
ID_ISP6CQ2D,38.5234375
ID_ISZWECPS,61.203125
ID_ITN62704,69.765625
ID_ITZ62UDR,32.890625
ID_IUIMF7LH,40.0703125
ID_IV3GA626,54.17578125
ID_IVNC5NXE,51.7109375
ID_IWHXQ4B6,28.5625
ID_IWJBLJ7I,33.7890625
ID_IX5FTONK,85.98828125
ID_IXA2R63C,46.45703125
ID_IXPG70LA,61.12890625
ID_IXRJ260H,13.640625
ID_IXU3UWUB,88.43359375
ID_IY2L5FGO,50.3515625
ID_IYE8952T,33.9453125
ID_IYPFYC5G,63.5703125
ID_IYWZSWP2,20.25390625
ID_IZ8SFP7X,56.59765625
ID_J05YYK3X,114.6484375
ID_J0AC305Y,98.8671875
ID_J0O6AD64,92.21484375
ID_J0RTV4X6,69.8046875
ID_J1TQJB62,75.2734375
ID_J2CZP6WA,15.63671875
ID_J2PR80EY,48.1484375
ID_J2TDF2SE,104.94140625
ID_J3A5O1OT,57.03515625
ID_J3WFO6WG,80.5234375
ID_J4WG71RB,41.015625
ID_J4WU6A52,37.2890625
ID_J5NLXWHF,89.671875
ID_J6E0PB9F,31.99609375
ID_J6SOAN1T,46.1015625
ID_J71VJFED,59.09765625
ID_J7JQ5I7U,56.171875
ID_J7N0WFC9,19.96484375
ID_J7NU6RMX,68.7578125
ID_J7TBMCQB,4.0703125
ID_J7ZVSLP5,29.875
ID_J8MMQXDJ,43.50390625
ID_J9QAVMRB,33.46875
ID_J9SFLWTG,19.765625
ID_J9WI8LP9,96.03125
ID_JB4KSW0Q,68.14453125
ID_JBKPHR3L,51.0703125
ID_JBY3Q98M,42.2109375
ID_JC2BT7UI,62.64453125
ID_JC5GH144,48.17578125
ID_JCI29COA,189.38671875
ID_JD72J9NP,33.28125
ID_JDE4NGQN,48.515625
ID_JDG7B1JX,63.3984375
ID_JDSJE9YA,60.84765625
ID_JDXE0UYL,54.6484375
ID_JEBGW4GD,15.99609375
ID_JEVVQV90,52.30859375
ID_JFI1U6HY,104.82421875
ID_JFLG5Y6L,67.9609375
ID_JFM4ROA9,56.9609375
ID_JHJKYYDO,59.578125
ID_JJP6KPOV,39.8203125
ID_JK1WOEWB,47.984375
ID_JKACYILC,26.578125
ID_JKL5LCCA,72.99609375
ID_JKRBPW4Z,49.078125
ID_JKTO1OQ7,12.25
ID_JLJ0LI24,92.0
ID_JLYMBZFP,51.546875
ID_JMAU1GVE,87.17578125
ID_JMTMNSYB,43.2421875
ID_JN3QZ9E2,43.90625
ID_JNI0OM4A,49.22265625
ID_JNOMMUO6,33.78125
ID_JNXY81HS,41.30078125
ID_JO5M804Z,16.41015625
ID_JOCJ20MN,55.953125
ID_JOP9S0G6,46.3828125
ID_JOU8PMH3,102.6875
ID_JOYI9FUM,64.65625
ID_JPRYOOYV,27.21875
ID_JPVVK6T0,34.51171875
ID_JPW42YW8,59.65234375
ID_JRXQ5ZK3,13.68359375
ID_JSJY4P7L,53.00390625
ID_JTKMFK80,81.3125
ID_JTVR0FSF,47.96875
ID_JUAFHSCQ,29.3125
ID_JUGO5XPH,26.17578125
ID_JVIDUTJA,39.74609375
ID_JVOHN0BM,74.0234375
ID_JWEJIGYG,16.859375
ID_JWFWP3KI,15.1640625
ID_JX4QLST0,38.6796875
ID_JXROVLTZ,74.1171875
ID_JXSST1I1,67.203125
ID_JYL44SZO,16.7890625
ID_JYMETOK5,31.265625
ID_JZETZYQI,47.9140625
ID_K0357403,20.4921875
ID_K1FAWN4A,89.1953125
ID_K1P784YJ,48.43359375
ID_K1SW8AI9,67.5078125
ID_K23W30MP,53.60546875
ID_K2J6X652,76.3046875
ID_K2LVNFXJ,79.5625
ID_K2Q3SHLV,43.3828125
ID_K39T5D85,60.85546875
ID_K4FFNP1G,69.28515625
ID_K556U76U,87.11328125
ID_K5PEGF1Z,57.140625
ID_K6E8K299,69.90625
ID_K6LQRDSK,32.25
ID_K79STIIS,76.46875
ID_K8P4ZCK4,120.25390625
ID_KA74HKLC,26.671875
ID_KA84GONW,53.2265625
ID_KAH0UNSO,60.05859375
ID_KAJRR7H3,44.76171875
ID_KB0DDJJU,28.7578125
ID_KB4L09KF,108.484375
ID_KB8GYPBD,30.58203125
ID_KBFKTXA6,162.57421875
ID_KCBZTY4B,111.1015625
ID_KCKBJVPH,72.39453125
ID_KCTT0TF3,13.421875
ID_KD0I2HMV,50.9140625
ID_KD7AE5G1,31.890625
ID_KDDH5T81,92.55859375
ID_KDHTF9DG,24.109375
ID_KDOLLW72,92.625
ID_KDQL4WQ2,8.3515625
ID_KDQLSNDI,24.203125
ID_KE721MQB,30.88671875
ID_KEEZ8ARR,18.84375
ID_KFY17W3J,22.96875
ID_KG6IFRGK,121.0546875
ID_KHHIIZKW,42.1484375
ID_KHIJJDHZ,33.671875
ID_KHNW0H6B,29.22265625
ID_KHPHPJVG,65.83203125
ID_KIWJACH0,2.9296875
ID_KJ8R8IZT,46.42578125
ID_KK2IGAH4,55.15234375
ID_KKB1SBG1,68.05078125
ID_KKCX19L3,65.9921875
ID_KKIKCZ7D,40.6484375
ID_KL3KLYRR,34.52734375
ID_KLBX6EKO,19.39453125
ID_KLFUER5G,67.0859375
ID_KMCUEJCL,44.5234375
ID_KMKXCBYB,73.6328125
ID_KMLHP3LX,37.25
ID_KOHUF2ZQ,42.4140625
ID_KOT61RQM,-3.0703125
ID_KP0Q63H8,75.5390625
ID_KPPCL0AQ,20.0546875
ID_KPZKN00A,14.390625
ID_KR4104FW,46.29296875
ID_KR80AYBH,61.6171875
ID_KS6YBLP3,25.9921875
ID_KSIGRH5T,29.5859375
ID_KSRNCRJ6,50.74609375
ID_KTDUG1A0,34.58984375
ID_KTY0I2ET,45.734375
ID_KTYF4JG7,14.42578125
ID_KUAPYN3V,27.1640625
ID_KUH3TSH5,47.83984375
ID_KUN8BSS4,67.875
ID_KUR6RRXD,39.703125
ID_KV98BU2X,57.95703125
ID_KWNRDVYH,89.9296875
ID_KWRVOEZM,34.828125
ID_KXQPQC1Q,59.921875
ID_KYKHFEBM,51.40234375
ID_KYR0YRWG,46.7421875
ID_KYSMPI32,37.1796875
ID_KZUYCCLP,19.51953125
ID_L0DP4HLX,77.4140625
ID_L11V40N5,97.796875
ID_L1KW8BOC,100.06640625
ID_L1PHMRA5,47.21484375
ID_L221PJDL,54.4375
ID_L29V81ZP,9.4765625
ID_L2B39HP6,19.234375
ID_L2U9LP1D,56.53125
ID_L2ZFWHRS,18.9453125
ID_L32YOWRV,230.73046875
ID_L3A4Z2S3,58.90625
ID_L3D2N0U9,128.23046875
ID_L3J071WG,100.32421875
ID_L3RFG80X,88.70703125
ID_L4E3O1JR,103.7734375
ID_L4HOGVZ2,26.2890625
ID_L5UFI4ON,81.8515625
ID_L5W9RP2B,45.7890625
ID_L65SO1LK,39.1171875
ID_L6HPBG9C,63.34375
ID_L6NZJIWL,90.51953125
ID_L6P5F1XB,38.3671875
ID_L78XOB23,84.4296875
ID_L7NC7IHX,64.140625
ID_L7O3O93X,116.8515625
ID_L7UM1QNQ,50.92578125
ID_L7X7YGET,108.43359375
ID_L7ZI0YBT,69.765625
ID_L8CSXC3C,81.50390625
ID_L8JQ2R48,35.25
ID_L8T8JMUI,117.07421875
ID_LAUPN8LS,54.5859375
ID_LB3ISO3W,68.7734375
ID_LB7SXKQ2,44.31640625
ID_LBN3ONVI,50.9765625
ID_LBR96ZM1,32.6640625
ID_LCU7X5GD,21.890625
ID_LD0X1B1I,150.7578125
ID_LDPNU9AM,41.7734375
ID_LDV53NBR,65.703125
ID_LE133DNN,36.7109375
ID_LE6Q7WBG,45.546875
ID_LE94FHA8,39.94921875
ID_LEA8NW6L,46.71875
ID_LGQKEDO9,56.0
ID_LIH3D8HQ,51.47265625
ID_LILL6SPF,41.3359375
ID_LJ1BU3CZ,102.53515625
ID_LJSOZ81M,-9.3828125
ID_LJXKI7BC,62.45703125
ID_LK20JGMP,47.0
ID_LK23HFT2,57.1015625
ID_LKEPP7GU,40.015625
ID_LKR3JNCE,104.21875
ID_LLPIUVOL,45.2421875
ID_LLXJAMGA,20.8359375
ID_LN403EBX,56.87890625
ID_LO42Q3K0,36.00390625
ID_LO4MHWN9,28.66796875
ID_LOASIUVJ,47.8359375
ID_LOFNMMPU,91.6875
ID_LP0RP3FH,40.08984375
ID_LP2ZM8K7,114.953125
ID_LP9Y494M,45.0625
ID_LQ79WQMT,55.75
ID_LRLT31MI,33.953125
ID_LSYMQI8Y,134.08203125
ID_LSZ38W8C,27.921875
ID_LT5HA2UC,70.59765625
ID_LTMQIJNS,52.03125
ID_LU1ICJVU,61.82421875
ID_LU28WPVJ,49.390625
ID_LV0SMU4H,64.765625
ID_LV7Y50XY,65.109375
ID_LVODDTSW,66.53125
ID_LWUWDNEV,95.05859375
ID_LWZ7GDHI,64.671875
ID_LXBH7SO0,44.21875
ID_LXXTX14Y,41.765625
ID_LXYYE4A7,120.4765625
ID_LYPHTV7S,74.80078125
ID_LZ1H2W3V,78.5546875
ID_LZGYNIAT,76.12109375
ID_LZKTPZWV,23.48046875
ID_LZWJCGF2,33.8828125
ID_M03IIOSS,42.1171875
ID_M15J33NA,150.15234375
ID_M1KO5ONJ,60.62890625
ID_M1ZETSFU,37.78125
ID_M2030A3K,27.44140625
ID_M2XGWYUR,33.296875
ID_M350L18G,59.94921875
ID_M4I6KHSM,23.03125
ID_M4PGVGWL,39.47265625
ID_M4R452TE,28.6953125
ID_M5LX4O3R,2.796875
ID_M5MN986X,48.0703125
ID_M63VAWTB,34.81640625
ID_M6GY3WOF,47.734375
ID_M6L255XN,42.9921875
ID_M77WSVXW,10.921875
ID_M7SPRCUY,40.66796875
ID_M7UPIFMD,56.42578125
ID_M7V8V8PO,13.328125
ID_M8KH10YM,33.125
ID_M8PW00GQ,79.42578125
ID_M8S37RP9,88.515625
ID_M8TICCZB,42.765625
ID_M8W5B03L,49.484375
ID_M9HGTM87,80.48828125
ID_M9L8DI1T,14.390625
ID_MAM89VFX,39.5234375
ID_MBBOL4F4,85.75
ID_MCCSGLH9,5.6015625
ID_MCOE3WG4,57.03515625
ID_MD1217LD,63.5078125
ID_MDQOU7UV,55.890625
ID_MDRQRBZF,67.09375
ID_MDY80P9U,50.953125
ID_MEIMIITN,112.35546875
ID_MES0L54H,50.1640625
ID_MFGZXRNJ,129.5
ID_MG5X31OV,41.609375
ID_MGMFDM3D,38.296875
ID_MGPDZ7Y8,80.66796875
ID_MGQL3HKC,55.46484375
ID_MGZS12MP,29.375
ID_MH25MKEB,82.6328125
ID_MH2SFIME,65.59375
ID_MHGCMNEM,66.02734375
ID_MJNMDK6O,78.70703125
ID_MJTMI7NA,127.7421875
ID_MJV10O5M,89.8828125
ID_MJV75G1B,67.0234375
ID_MKD7DLNK,59.7578125
ID_MKUGVB9H,16.54296875
ID_ML0Y720T,35.3828125
ID_MLCJDDP7,55.2734375
ID_MM70JA26,150.90625
ID_MMK9JX5K,49.83203125
ID_MMWDRMGK,66.7421875
ID_MMXVV6YW,59.7265625
ID_MNOK40HY,56.37109375
ID_MO3KHK87,36.74609375
ID_MOH43BDT,46.9140625
ID_MPX27ITS,23.203125
ID_MPX2HDID,8.734375
ID_MPXZSY6Q,82.2265625
ID_MQHDQR5Z,71.52734375
ID_MQSJNE22,47.23828125
ID_MQVYHEME,60.984375
ID_MR1O6AKR,31.0703125
ID_MSWGG37C,24.4140625
ID_MTI7FAQF,6.5625
ID_MU3NCDK6,19.9375
ID_MUI47IEF,80.3203125
ID_MVIYRO8T,153.90234375
ID_MVJGACZK,64.19921875
ID_MW4F281Q,58.5078125
ID_MWE0ZKBX,22.953125
ID_MWKR4IDN,32.28125
ID_MX5P7L35,35.2890625
ID_MY3OTZP6,198.86328125
ID_MY7ELVL2,96.0546875
ID_MY7ZI48X,42.859375
ID_MYSL451C,62.546875
ID_MYX0A11S,29.6875
ID_N0EXCI3G,54.7265625
ID_N0N3UM9Z,53.03125
ID_N16JXGQS,16.2578125
ID_N1QQ7A5V,44.0625
ID_N2121HO0,31.3125
ID_N22VK7B8,51.328125
ID_N26LL1ME,31.96875
ID_N2CSA9TW,59.84765625
ID_N2KNR5OW,29.859375
ID_N34153HW,29.48046875
ID_N3DAFCYB,68.87890625
ID_N3G30H2C,22.6796875
ID_N3Z8EFEG,33.28515625
ID_N5COWW8L,31.109375
ID_N5F7DUKU,66.80859375
ID_N5PMKKFL,57.359375
ID_N5TEP39R,22.26171875
ID_N60TFA5E,58.3984375
ID_N7KRF4JA,69.63671875
ID_N8SJ3LDA,33.46875
ID_N8T622VB,23.65625
ID_N8U3K8VR,43.234375
ID_N926GX8J,68.0546875
ID_NAA292TU,25.71875
ID_NARI0E12,32.03125
ID_NBAO7Z59,46.71875
ID_NBRRME5H,20.71484375
ID_NDCOG6KR,38.6875
ID_NDXYQ0YQ,56.9375
ID_NE7239BX,40.89453125
ID_NEWQZVGE,4.0078125
ID_NFPV8E3S,57.97265625
ID_NG9ZTI2G,27.171875
ID_NHB1W8DP,95.5390625
ID_NHJKZN7Y,135.69921875
ID_NIHGF86T,-6.4296875
ID_NJ4NUPPP,23.03125
ID_NKFGOAOZ,52.62109375
ID_NL1XPIK6,75.12109375
ID_NL6W16JI,44.71875
ID_NLSTH4WF,64.71484375
ID_NM4EO8AR,21.2734375
ID_NMD7N8QC,59.171875
ID_NMFN5BPF,64.26953125
ID_NN80U7QK,34.1640625
ID_NNWKPEBH,47.5
ID_NOYQQ79E,56.1796875
ID_NPW7HWMK,32.578125
ID_NQ5DNWBM,51.328125
ID_NQSZV6HS,50.7421875
ID_NR09NH8L,44.359375
ID_NRT5N8IP,69.671875
ID_NSE371YI,5.4921875
ID_NSMF9KBL,221.77734375
ID_NSXOLJGX,13.4140625
ID_NT1XFQ2J,70.52734375
ID_NTT2X5OA,90.8125
ID_NTW4MMFD,48.3828125
ID_NVT604YM,73.98046875
ID_NWYWUNK2,24.94921875
ID_NXOVCKQF,53.8828125
ID_NXTRFK4A,14.453125
ID_NY79NZBJ,53.3046875
ID_NYGI2R2N,85.35546875
ID_NYGUF89D,36.765625
ID_NYTOG7MC,78.6796875
ID_O0IAKBNJ,11.2265625
ID_O29IX3YR,58.6796875
ID_O2EE7NYV,49.24609375
ID_O2I0J79O,16.4453125
ID_O3IQAB9V,121.3515625
ID_O4E19CC9,68.96484375
ID_O5V948R2,41.875
ID_O6QSG36V,50.2734375
ID_O7CCAIOO,52.6953125
ID_O7FCSTH3,50.515625
ID_O7T7SBDH,23.34375
ID_O7X1TWMS,58.0859375
ID_OA0PB72N,40.30078125
ID_OARS53ZQ,33.546875
ID_OCWKAC9M,16.20703125
ID_OD2N3YWP,87.34375
ID_OEARMYGR,54.890625
ID_OEHGU44G,26.22265625
ID_OEM2O5CM,17.53125
ID_OFG6CR12,80.7421875
ID_OGH3GNP2,46.875
ID_OGR25R9I,26.265625
ID_OGX1UHT0,43.28125
ID_OHENSVGU,45.421875
ID_OI6OGN9E,70.59765625
ID_OIT27VW1,109.5546875
ID_OJ6GNY2J,21.20703125
ID_OJVW9BBG,45.30859375
ID_OKTZ1VDM,19.63671875
ID_OM1TRXYT,35.6640625
ID_OMQJZHZF,36.68359375
ID_OMZMB2Y6,79.75
ID_ONBQ3647,20.3828125
ID_OOBXAB1W,47.5390625
ID_OPTOY77Y,45.48828125
ID_ORJB88AP,24.25390625
ID_OROWSC6J,100.859375
ID_OTFVY0KY,22.7265625
ID_OTKS0SLP,45.328125
ID_OTQBEPYG,29.2578125
ID_OUIMTBJ6,149.0859375
ID_OUPNKYGT,93.3125
ID_OV3OK0LB,68.8828125
ID_OVNLY65K,50.8046875
ID_OVRTY7AS,72.03125
ID_OWNB0P7K,38.3046875
ID_OXGJWA3D,70.015625
ID_OYBFFBB4,84.0234375
ID_OYE1WHCF,130.0546875
ID_OYG4084F,30.6015625
ID_OZWX1S9Y,32.578125
ID_OZZPSH7J,65.2265625
ID_P017PN56,43.484375
ID_P0A1URQG,11.0390625
ID_P0VO0IC4,8.0625
ID_P0YDJH49,24.07421875
ID_P1Q054KI,167.171875
ID_P2B2K0BS,34.25390625
ID_P2SALV5W,34.69921875
ID_P2UO2J3M,46.4140625
ID_P2WKL9QE,65.0703125
ID_P4DCJO66,31.828125
ID_P4ET5UYL,62.4765625
ID_P4O875EW,42.95703125
ID_P5C3LVCR,58.16015625
ID_P61AAWN2,14.15234375
ID_P6B75830,30.203125
ID_P7CQYGUW,13.453125
ID_P85IDSEC,50.3046875
ID_P8OOEV9V,24.21484375
ID_P8UQXPOZ,49.4609375
ID_P9B06TXF,68.87109375
ID_P9DKE0PV,3.390625
ID_P9J9L213,28.5625
ID_P9KTHB8I,168.625
ID_PAT4IALW,25.20703125
ID_PATQF5OB,63.828125
ID_PB93IF78,76.44140625
ID_PBC1MET0,69.828125
ID_PBO45PL7,26.265625
ID_PBQQ9Q7H,35.8671875
ID_PBYTIA4P,74.9765625
ID_PD7J7EUY,18.171875
ID_PDBZIEBR,21.25
ID_PEJXP7CX,114.91015625
ID_PEQ3HKZ1,40.640625
ID_PEWJI97K,46.3515625
ID_PF82JQ3T,54.6953125
ID_PFCEXUBN,71.4921875
ID_PFZQIJLK,85.85546875
ID_PH125S5Z,34.4375
ID_PH3MOT9Q,28.66015625
ID_PHARAINE,19.6875
ID_PHEGWE76,42.0390625
ID_PIN0YW9Z,41.953125
ID_PINQAHNO,66.49609375
ID_PIXZT3R5,53.96875
ID_PJHCUUP3,38.28125
ID_PKIBR9AT,17.81640625
ID_PKR12PK4,82.83984375
ID_PKUS9NG5,59.84375
ID_PLR97Q25,37.39453125
ID_PM5IYBDN,42.17578125
ID_PMFYPCHL,44.609375
ID_PMP5DKB3,59.8046875
ID_PNEHIA23,64.53515625
ID_PNL146PC,38.375
ID_PNLL7G98,49.0
ID_PNNLN9T8,132.87109375
ID_POFMAYZJ,36.01953125
ID_POHUTENN,71.8828125
ID_POTO8YLK,54.10546875
ID_PPTCRCND,32.0
ID_PQMQM37U,58.3671875
ID_PQO8Y0EW,27.1953125
ID_PQQXN5SP,99.8671875
ID_PQTX04K4,34.99609375
ID_PR2S9V0U,55.3984375
ID_PR854TB6,9.859375
ID_PRA8QBPH,23.11328125
ID_PRK4FLY4,67.61328125
ID_PRT2CR8F,54.46875
ID_PSPN0JLQ,60.80078125
ID_PTXPR5JQ,48.265625
ID_PU1DZP79,38.2578125
ID_PUA3AWFV,34.234375
ID_PUAKYMQ1,9.5859375
ID_PUE0SJRE,76.16015625
ID_PUITAT2P,36.8125
ID_PUJSGXKC,84.5
ID_PUK428OL,55.28125
ID_PUQQBDD9,56.40625
ID_PVIJIL4K,119.1484375
ID_PW0S0OG4,15.70703125
ID_PWN1VT35,19.94921875
ID_PX4GM8SN,33.109375
ID_PXA06V9M,56.78515625
ID_PXGRD481,51.69140625
ID_PXMFHZA2,25.421875
ID_PY53R7EG,66.6484375
ID_PZ2S2Q3U,57.1796875
ID_PZAWI6ZQ,20.1484375
ID_PZQSZHVD,23.5390625
ID_PZZVIJ4O,50.484375
ID_Q0FOITZF,2.7578125
ID_Q0UM2MPW,53.859375
ID_Q1GTPHJK,9.3203125
ID_Q1KWAVWV,23.8046875
ID_Q3TFOYTM,57.5078125
ID_Q496FWMT,51.359375
ID_Q4YFFLZM,76.90625
ID_Q5VIYA3J,26.81640625
ID_Q63VK8K2,34.015625
ID_Q65PZHVT,110.99609375
ID_Q6CYV6PQ,37.09765625
ID_Q7HMQ204,59.7890625
ID_Q83CJCHD,41.06640625
ID_Q8BRLX4U,52.04296875
ID_Q9E88H3C,40.9453125
ID_QAGIQ717,4.7109375
ID_QAR2HC76,65.3984375
ID_QBNL3AJI,71.2421875
ID_QCJ6MEL5,17.2734375
ID_QCKIF81Y,69.484375
ID_QD1TMGAR,71.9140625
ID_QE3RRIGV,28.8671875
ID_QEDAR4GV,68.53125
ID_QF4VC77F,85.28515625
ID_QF590X6M,140.8203125
ID_QG5JNJQW,60.7890625
ID_QGQEA5DC,63.546875
ID_QIR19KSK,71.66015625
ID_QJMM22RS,96.80859375
ID_QJRH49EA,52.09375
ID_QKGJI7AM,161.0234375
ID_QKHKZAM4,19.17578125
ID_QKX0VMUV,46.85546875
ID_QKY88KAP,146.71875
ID_QM0W4FYC,136.8984375
ID_QM7VKL5S,65.98046875
ID_QMX20BAY,44.21875
ID_QNL13QO7,38.328125
ID_QNPXIA21,87.51953125
ID_QO7IL9RL,35.3359375
ID_QOENLX8Z,59.1015625
ID_QP6925YR,37.5546875
ID_QPBMNWWW,52.77734375
ID_QPHXBCMP,81.30859375
ID_QPJ0EIYG,35.71875
ID_QPMCPOJP,102.8203125
ID_QPOU1W52,26.3203125
ID_QPZX5S6E,32.6796875
ID_QQMCZYPO,34.578125
ID_QQPQZ946,59.90625
ID_QQZPS42G,40.4375
ID_QRB9KESF,96.0546875
ID_QRSMTKW7,31.8359375
ID_QRSUR9T0,62.5
ID_QRWZ9U6P,88.9765625
ID_QSDZVDXT,8.140625
ID_QSYU3FK2,43.4609375
ID_QSZW95VU,47.6953125
ID_QT2DE74I,33.3125
ID_QT3ESR91,56.1640625
ID_QTC1KLC1,53.55078125
ID_QTIPA1SF,58.3359375
ID_QU9P5BAY,78.75
ID_QURZAGPZ,10.765625
ID_QVPTFY8K,50.734375
ID_QVSMHCLC,75.5
ID_QW0DZARN,162.0390625
ID_QW3ERDM1,27.1171875
ID_QW4117MF,28.75
ID_QW8GUD2H,108.50390625
ID_QWRC044B,107.06640625
ID_QWRDBDXR,33.6484375
ID_QXJYVPXI,47.76171875
ID_QZ8PB2GE,36.203125
ID_QZKR27ZA,17.83203125
ID_QZN0E88G,26.7109375
ID_QZOG069V,45.7109375
ID_QZVZ9HNE,31.78125
ID_R027ST33,48.0859375
ID_R0BC00C8,37.4765625
ID_R0E1OSJ8,71.734375
ID_R0S2T2TC,26.046875
ID_R2GWWLIA,19.41796875
ID_R32DBMY1,54.2109375
ID_R38KNZPU,39.5546875
ID_R3FQBJK7,68.75
ID_R3JBUUKI,59.07421875
ID_R3Z6N0NU,20.7734375
ID_R4FQXAPH,62.5
ID_R5PPEO9W,34.4609375
ID_R69GFJ6O,62.984375
ID_R6RB0BX6,23.8828125
ID_R6UXS7MW,42.765625
ID_R6XSB7G9,34.921875
ID_R7OOFMC2,54.03125
ID_R7ZHB2UI,28.296875
ID_R95HA2Y9,31.67578125
ID_R98OJEX9,48.5078125
ID_R9IL4DDB,40.16015625
ID_R9L323ET,109.2109375
ID_RA9QYJ84,44.1953125
ID_RAH1C5J6,50.0703125
ID_RAHD8559,49.453125
ID_RAM7W66K,67.45703125
ID_RB5428N4,85.73046875
ID_RB9NHTOK,72.86328125
ID_RBB5GL2K,95.1015625
ID_RBI3INIP,43.203125
ID_RCY7LCJE,58.0234375
ID_RE8QTMS0,39.359375
ID_REA1ATBF,43.9140625
ID_RFO22GPM,83.3203125
ID_RG0XODDS,62.484375
ID_RGTW974H,28.3359375
ID_RI007HAV,56.31640625
ID_RI1MN4PR,51.421875
ID_RI6YJ5WN,15.265625
ID_RIV1YAE4,95.16015625
ID_RJVK10YL,37.421875
ID_RLHE5OS2,39.9375
ID_RMABJ7O2,28.015625
ID_RMG92NIL,24.3671875
ID_ROOFUG3O,22.88671875
ID_ROUDSBS2,56.82421875
ID_RP7AFBPI,103.8671875
ID_RPEBZ6GR,63.921875
ID_RPRV0NCZ,23.7265625
ID_RQ5W5VPY,190.328125
ID_RQALCXK3,14.25
ID_RR98MDFD,46.65625
ID_RRWY63A4,34.015625
ID_RSF9U7WT,56.15625
ID_RSYFWNAM,44.5234375
ID_RTRU9E06,26.40234375
ID_RTU1GP39,97.6328125
ID_RUN3LKGR,103.453125
ID_RW91WLEY,78.35546875
ID_RX990T6G,31.8046875
ID_RX9HMRNR,77.2421875
ID_RXZUQSC0,11.38671875
ID_RY0EH90O,95.0859375
ID_RYKC592K,25.390625
ID_RZ5G7T7A,59.78125
ID_RZB0DHA7,49.0234375
ID_RZBDHEE0,39.16015625
ID_RZCNIAAE,48.625
ID_RZLQN9U8,135.046875
ID_S0C47GRP,52.6484375
ID_S1H9AWWW,36.453125
ID_S1LFVSXL,99.58984375
ID_S1PO606D,42.05078125
ID_S1TZ4V57,36.08203125
ID_S1Z7KOVP,33.265625
ID_S2YKJNJP,91.60546875
ID_S37O61MW,19.98828125
ID_S3DN4RKT,27.7109375
ID_S3HT66EZ,15.4375
ID_S3SV7J2B,46.1640625
ID_S3XV9KPD,52.015625
ID_S41RJOU7,23.8828125
ID_S4E22GK2,103.05859375
ID_S5Y6UBY7,72.7421875
ID_S5Z3M5JX,46.7421875
ID_S6L60W2I,30.55078125
ID_S6PLYXXQ,88.0390625
ID_S73XPWV6,69.49609375
ID_S83TEJ7R,31.1875
ID_S89ZTL8Z,34.390625
ID_S909456E,42.8125
ID_S9GLJ5SI,27.91796875
ID_SAGUYM8D,54.9140625
ID_SAUOFLT5,78.48828125
ID_SAW20PCP,53.421875
ID_SCG1K3BA,63.4453125
ID_SCZJ32Y4,56.265625
ID_SDWSS1GM,55.90625
ID_SDZ0BH91,54.8828125
ID_SFCJ1XEQ,66.46875
ID_SGFQ4X4M,68.90625
ID_SGHX0V7M,10.1015625
ID_SGR6MYNQ,16.2421875
ID_SGZ827P2,15.0546875
ID_SHAF1WPM,46.0859375
ID_SHPN06FL,26.69140625
ID_SI0GREFZ,36.2734375
ID_SI6FDZ1S,22.21875
ID_SINWDJNG,40.765625
ID_SIS5F9VT,8.0
ID_SJK1IFN8,121.69921875
ID_SKE1FCJS,82.703125
ID_SKQDB5I1,45.9296875
ID_SLDYZ97D,45.1484375
ID_SLFN1GCN,80.265625
ID_SLTUTXNW,75.55078125
ID_SN4T0FBO,150.7265625
ID_SNUQ8GXS,20.25
ID_SNYQ4HST,3.484375
ID_SO9W0Z8W,56.54296875
ID_SOFQ8OWJ,71.5703125
ID_SOO2PIAC,39.328125
ID_SP60Q5XY,58.546875
ID_SPJA38YK,43.3828125
ID_SPOK8NG4,-4.015625
ID_SPZ6D1QM,41.3984375
ID_SPZB95UB,40.8203125
ID_SQ36XHTR,52.51953125
ID_SQ6UZGOQ,23.6640625
ID_SQM4YRWS,29.890625
ID_SS1SGJF9,39.0625
ID_SSHBHOKJ,55.7421875
ID_SSQDBJB8,41.71875
ID_STF9LY57,84.15234375
ID_STJCC2IX,14.5703125
ID_STLL4QKP,71.91015625
ID_SUCX6NFA,38.9296875
ID_SUI51G1E,33.9921875
ID_SUO3SMHZ,73.8046875
ID_SUY4JV2A,61.0703125
ID_SV8M2ARX,56.4453125
ID_SVKCNK7O,4.2734375
ID_SVX3R5LD,45.23046875
ID_SWCL50AH,41.421875
ID_SWUVOYC5,29.58203125
ID_SY2Y5AOF,66.109375
ID_SY9TZUYS,55.6484375
ID_SYWRXPSM,149.375
ID_SZ4U7QDA,64.20703125
ID_SZNMAAE6,27.765625
ID_SZSVNXMB,77.23828125
ID_SZWQLYY2,32.57421875
ID_T04DLXNU,28.7265625
ID_T0UOIAU0,36.4140625
ID_T15EJKWG,68.15625
ID_T1YO7F04,44.55859375
ID_T20ETEA5,19.01953125
ID_T40SO8RK,12.6875
ID_T4GT9EVN,66.8828125
ID_T4J2N3W1,32.46484375
ID_T4KNSOSA,45.015625
ID_T55DIDQH,50.5078125
ID_T5UWCFY1,53.140625
ID_T62FDFDL,125.2890625
ID_T6S9WVZ2,50.3359375
ID_T7PEESEF,49.625
ID_T83NUB8P,40.84375
ID_T8658KL5,50.88671875
ID_T86RKXIO,45.4609375
ID_T89VMO0V,64.7734375
ID_T8FNBA7Y,60.5625
ID_T8KJBRFM,67.85546875
ID_T8YDSY63,42.5859375
ID_T9RIEDPG,28.4609375
ID_T9RVJR5C,94.7734375
ID_T9VDTS7I,38.3984375
ID_TA11GHT8,58.609375
ID_TB035UXX,41.40234375
ID_TB7E0MPG,29.01171875
ID_TBERMJR6,59.46875
ID_TBYM96JH,55.09765625
ID_TDFMQGUF,62.28515625
ID_TDI1BW83,51.47265625
ID_TDUZI739,61.68359375
ID_TEYMR5FB,22.3046875
ID_TF9905P9,32.109375
ID_TFD22LIV,44.53515625
ID_TFQ3EX6K,24.328125
ID_TFRWXPB8,28.234375
ID_TFTNM99K,45.515625
ID_TG09PGMB,18.8125
ID_TGAP8MXW,94.36328125
ID_TGFNHE0I,165.296875
ID_TGTGX9GA,34.34375
ID_THAISRNY,26.5234375
ID_TI3J012R,191.234375
ID_TI4UHIQK,80.2890625
ID_TIAJR827,55.01953125
ID_TIXW0KO2,74.20703125
ID_TJ17A6JB,28.1640625
ID_TJOCME94,20.09375
ID_TK6SOR2N,21.47265625
ID_TKMXMD3I,67.4375
ID_TKZ9JMUW,185.234375
ID_TL4NXKK3,34.234375
ID_TLIT2NOE,37.734375
ID_TMN4QI91,45.25
ID_TN018K71,103.08203125
ID_TN63QQGM,102.234375
ID_TODZZUFF,19.98828125
ID_TOE3QGSY,67.828125
ID_TOH91SJF,82.53125
ID_TOME1610,161.37890625
ID_TOPX035M,47.12890625
ID_TP0D6JXT,39.390625
ID_TP376Q9H,79.59375
ID_TPGYBCI9,97.4296875
ID_TPV8JKY7,48.046875
ID_TPY61UDR,87.08984375
ID_TQ8T75TX,49.6640625
ID_TQA6W89B,42.08984375
ID_TQX9NF0C,14.171875
ID_TRGIXGI3,24.41796875
ID_TRKP3KS0,31.56640625
ID_TS0B1L0G,54.0625
ID_TS42UJX8,19.9375
ID_TSD4DIYF,31.828125
ID_TSFQTN9H,54.2890625
ID_TSOVW9R7,24.6015625
ID_TSXITLP9,26.62109375
ID_TT0DQ3YX,29.078125
ID_TV9FYEMD,63.859375
ID_TW09HCPL,51.5703125
ID_TW8CXPY9,60.2734375
ID_TWIHMCYO,37.6015625
ID_TY250CFS,62.375
ID_TYG7IPI7,51.4296875
ID_TYP82LIU,12.4140625
ID_TYQVMAY0,26.5078125
ID_TZ3DCGU6,41.9921875
ID_TZ9965NZ,204.62890625
ID_TZZOBGQD,48.734375
ID_U0DG1Z01,23.828125
ID_U0M0UH1O,78.63671875
ID_U169RY8W,38.41796875
ID_U18E7Q4Q,34.2890625
ID_U29NCOOA,51.54296875
ID_U2H8YL3H,27.703125
ID_U2IVCLGJ,41.33984375
ID_U2KO7S8G,39.0625
ID_U35ZXM6Z,41.2265625
ID_U3JR6R22,27.21875
ID_U3RE752H,61.55859375
ID_U40EV6M0,49.6875
ID_U4QHA6GY,64.8203125
ID_U4XHOMP8,24.3515625
ID_U57OFFIG,55.61328125
ID_U596WA6I,26.94140625
ID_U5JF798J,51.1796875
ID_U5NX19YB,46.3125
ID_U76H03L6,36.2265625
ID_U7JCSRDL,109.4609375
ID_U8JNFPKA,20.9609375
ID_U9VTYTFR,72.34375
ID_UAGBHEXY,9.2578125
ID_UAJZJJ6S,22.1953125
ID_UAKJ0PQB,20.828125
ID_UB3MKL1O,16.5546875
ID_UC988RWC,33.42578125
ID_UCAPFOJD,5.3125
ID_UCH2K84Q,33.03515625
ID_UDCXC3TZ,40.17578125
ID_UDGQK2TT,48.65625
ID_UEFAKABV,34.375
ID_UEYWVXE2,71.765625
ID_UF2YFXX1,30.796875
ID_UFIRXU05,37.8671875
ID_UGAG2V8B,155.66796875
ID_UGIXINSX,20.71875
ID_UGKETANK,39.671875
ID_UGL6FG60,34.859375
ID_UGOXYURK,46.44921875
ID_UH1IS29S,63.734375
ID_UH6A46L5,8.3515625
ID_UHCUNUGT,37.9296875
ID_UI6CRHL4,56.4453125
ID_UI7ZKSF8,155.796875
ID_UI8RQHA9,39.46484375
ID_UIXDBP1F,7.4375
ID_UJQ00AVG,36.0390625
ID_UK518X4W,59.92578125
ID_UL3LZKW5,158.55859375
ID_UL5TITK7,39.296875
ID_ULBAP5VW,43.8359375
ID_ULVJ9YSS,36.671875
ID_ULVZTGEX,23.61328125
ID_ULW0NOX1,86.40234375
ID_UM40RW6B,34.4375
ID_UMI3H9XD,54.0703125
ID_UMLFZT1V,33.36328125
ID_UN1RZCRG,23.69140625
ID_UNBTT7M3,27.515625
ID_UNIFZRLT,67.8515625
ID_UNIX55L2,11.375
ID_UNKXMZVQ,85.76953125
ID_UNU1GJX1,39.75
ID_UOQ6AGCK,37.9296875
ID_UOXULH6M,27.2421875
ID_UP6FIW03,34.15625
ID_UP8JQTCJ,13.3125
ID_UPDC20BO,60.3203125
ID_UPDOQ8VH,30.94140625
ID_UPOP373V,25.9765625
ID_UQF8ZLXV,83.5390625
ID_UQYCJHF8,32.6875
ID_UR0583OR,49.1328125
ID_US4TX38V,24.08984375
ID_USNR43QQ,54.875
ID_UT17ZPR3,20.88671875
ID_UTY8YY6H,83.8828125
ID_UTZOE8EX,75.71484375
ID_UU75THO8,87.65625
ID_UV1UCXGK,73.34765625
ID_UVLFYKDT,25.64453125
ID_UVSNX4LQ,59.796875
ID_UVZ3MMZF,58.94140625
ID_UW07IORF,28.5546875
ID_UWDNK3UX,31.0078125
ID_UWK5GHBM,31.59375
ID_UX5DH20U,51.109375
ID_UX5N32TX,35.78125
ID_UX6KQASW,28.30078125
ID_UXACL91Q,16.40625
ID_UXN3IWSC,70.765625
ID_UY9CJO1O,1.6015625
ID_UYFL09IB,8.6875
ID_UYGXSYZL,37.359375
ID_UYOZSLW6,24.578125
ID_UZ2AP39N,55.4375
ID_UZ57EZHY,22.59375
ID_UZFR21JW,64.984375
ID_UZJ28LT9,19.015625
ID_V0TCDNYD,50.7578125
ID_V14876MG,54.328125
ID_V1GDMSFK,10.03125
ID_V24ZH4PQ,82.03515625
ID_V2LWP0CR,16.2109375
ID_V2MVQRRG,28.02734375
ID_V3KULD75,57.12890625
ID_V4I5VKPO,29.96875
ID_V5PR34U6,11.5078125
ID_V5SZ4NY1,22.609375
ID_V63K0382,7.0
ID_V69PYYT0,31.6484375
ID_V6GRWCWF,53.1796875
ID_V6NTE7Y4,53.43359375
ID_V76LLCZ2,57.390625
ID_V7OIQ5SN,38.7734375
ID_V872NOIH,36.76171875
ID_V91Y0JY8,41.74609375
ID_VA2SWP9M,35.0078125
ID_VAF4PO7W,52.0234375
ID_VAZSF9ZQ,32.66015625
ID_VBGMNP2O,97.77734375
ID_VBHKWQ9L,75.36328125
ID_VBQB0X4C,6.1484375
ID_VBR3DZ2O,18.78515625
ID_VC2PVSM2,20.8359375
ID_VC882JCL,29.8046875
ID_VC8FSNB1,24.3515625
ID_VCFZWJ6F,36.78125
ID_VCYWGLL0,31.0
ID_VDGWC9BO,32.68359375
ID_VDS9G0GT,43.75
ID_VDW6ERR6,48.5234375
ID_VDY0HHZ6,49.53125
ID_VEJC52WY,20.2421875
ID_VF7R5PTT,22.640625
ID_VFDBM6G2,69.49609375
ID_VFFE8EOE,50.4140625
ID_VGCUMAQQ,43.828125
ID_VHQAA0LJ,54.10546875
ID_VHSYXWIH,58.91796875
ID_VHZXVUJV,142.90234375
ID_VI14MD1M,38.3359375
ID_VI5SF73K,52.625
ID_VIES2NT0,45.0625
ID_VIFHKU78,29.87109375
ID_VIPVIUGR,90.40625
ID_VIUIEZRP,110.1796875
ID_VJOK5XGG,41.1875
ID_VKDR049H,28.859375
ID_VKVYVY3Y,42.5625
ID_VKX88QUM,21.59375
ID_VKY3ZRJT,56.4921875
ID_VKZHN5YL,34.21875
ID_VLXVM915,130.95703125
ID_VMG2S4EC,174.4453125
ID_VMGWHLSM,28.9765625
ID_VMJDP1L0,64.703125
ID_VMTG3X7F,84.1953125
ID_VN0O98IK,26.453125
ID_VNCD4VVB,89.5703125
ID_VO9DIQ9D,43.1171875
ID_VP2F3O27,178.35546875
ID_VP989PY9,68.484375
ID_VPNOSM68,68.44140625
ID_VPOR4X0S,46.953125
ID_VQC1OO0M,40.46875
ID_VQOPFZGO,89.0390625
ID_VS2NX9ZF,70.3359375
ID_VTPCK1TN,59.4140625
ID_VTVNN41R,61.125
ID_VUFDF7LZ,58.93359375
ID_VUPOT7QA,70.859375
ID_VVZ7EPKP,31.8671875
ID_VXFME59K,154.16796875
ID_VY6Q0MX5,37.390625
ID_VYITNR4W,163.1328125
ID_VYYRFPAK,22.8828125
ID_W0BE0FCQ,38.4453125
ID_W0DKS89M,40.296875
ID_W18GE1S5,22.5078125
ID_W1UUI4KI,75.4140625
ID_W20NVZGE,66.60546875
ID_W245O521,73.7421875
ID_W37HG2CD,81.3046875
ID_W4FVWMCD,19.984375
ID_W67W2ALI,61.234375
ID_W7B3OZBI,47.3984375
ID_W7EYTOMF,211.40234375
ID_W7SO67QP,66.48828125
ID_W8XH8WKG,61.875
ID_W8YQIYYB,23.5546875
ID_W95CZZ89,43.2734375
ID_WA6XYIVF,23.328125
ID_WAHTZC9R,38.96875
ID_WAN1LPJZ,31.734375
ID_WAOPOEKF,52.8125
ID_WAP352PF,31.5
ID_WBIKW3BG,16.609375
ID_WBVV3Z0U,28.80078125
ID_WC9IAE1V,14.359375
ID_WCOZSB5S,74.84375
ID_WE66VR6X,53.16796875
ID_WEA40358,39.4453125
ID_WEFQ3WKW,78.76171875
ID_WENDKYRZ,136.234375
ID_WEQ3MSSX,117.34765625
ID_WF4ZLIYE,14.7421875
ID_WFT9EJ0H,66.63671875
ID_WG0TUEPO,56.8125
ID_WG1LLWBW,23.6875
ID_WG3MFLDZ,43.2265625
ID_WG6P64RM,89.62109375
ID_WH4ZVN84,80.3984375
ID_WII9FP14,121.546875
ID_WIU83XH0,47.3359375
ID_WIYAPPNY,57.875
ID_WJ0FUXG6,129.58203125
ID_WJLIZ13N,159.94921875
ID_WJN2RBTU,58.546875
ID_WK61GFH5,6.5625
ID_WKT8LT8Q,68.5078125
ID_WLGV2XJA,77.5234375
ID_WLIAB95W,28.171875
ID_WLQ1JWT9,37.21484375
ID_WM99MEHP,76.703125
ID_WMGD2YXS,27.73828125
ID_WO2JNY80,23.9609375
ID_WO9R6GCN,75.47265625
ID_WOE962ZD,18.25
ID_WQ9EIXG1,29.08984375
ID_WQEFFPF3,49.52734375
ID_WQMW9BYP,42.7109375
ID_WR86RYZM,72.234375
ID_WRPLJ47V,28.265625
ID_WS3VWGA8,11.796875
ID_WS4YDWZU,139.26171875
ID_WTI8167S,17.3046875
ID_WWHP44KQ,27.0546875
ID_WWNWRE54,26.05859375
ID_WWPPUPFB,26.93359375
ID_WXMTHJIA,157.0390625
ID_WXVLNSDK,65.34375
ID_WXW42KOY,32.92578125
ID_WXXIARQM,52.6484375
ID_WYIR6ZBJ,131.40625
ID_WYJ0M8EY,32.375
ID_WYK1NJI6,37.66796875
ID_WYXL5MLS,87.421875
ID_WZ1YX4PV,78.12109375
ID_WZACGW2X,39.38671875
ID_WZERKZWJ,28.2109375
ID_WZHVNDOE,25.234375
ID_WZN8Y3E4,61.3984375
ID_WZTHUYIL,34.3515625
ID_X06UVRRG,41.90625
ID_X0AH9DV0,84.5390625
ID_X0CORQLB,87.9609375
ID_X0D2TXAZ,27.1171875
ID_X0DQJPKA,92.453125
ID_X0GCNXXI,33.85546875
ID_X0PQLTXL,47.8203125
ID_X3OAQB5S,86.234375
ID_X3P6SKUJ,20.2734375
ID_X4YQ6F5A,114.83203125
ID_X56CBJTL,42.8046875
ID_X5CMNU7Y,52.34765625
ID_X66493F9,40.6640625
ID_X6Z2WA5S,79.8671875
ID_X711VRVL,96.21875
ID_X7SR80S8,28.1015625
ID_X8VFLUKH,51.68359375
ID_X9GQJIQG,35.65625
ID_X9GX200C,43.0703125
ID_XA6U6DJ0,39.015625
ID_XAMMDO68,30.93359375
ID_XB7LHVI6,39.8984375
ID_XB9WCLKZ,-1.328125
ID_XBP8YZBI,17.375
ID_XCJ4FKJB,64.70703125
ID_XDPTAV4N,72.9453125
ID_XDU7QOT7,41.6953125
ID_XEGT3AOB,76.6796875
ID_XFN62BS0,73.1875
ID_XFR2PSRB,44.296875
ID_XFVPO32X,30.45703125
ID_XG6UMPVK,58.6640625
ID_XGHJ58NC,51.953125
ID_XGLWCSYN,61.7890625
ID_XGM17RVC,79.47265625
ID_XH5FF3RF,29.796875
ID_XH8EVSZX,72.78125
ID_XHAUPKAU,71.4609375
ID_XHL6S87P,47.640625
ID_XHQ83KA7,83.8125
ID_XHTWUO7X,55.625
ID_XI8DOXD7,91.73046875
ID_XI9NUYXE,69.9375
ID_XIEQLS91,27.30859375
ID_XIS2XWTA,10.8046875
ID_XJV85Y1O,103.69921875
ID_XK46LVWE,10.1171875
ID_XK6TTP8A,11.796875
ID_XKT1VI0B,36.5859375
ID_XLA12QE3,26.265625
ID_XLXHSQLN,100.02734375
ID_XMFAXQD1,65.68359375
ID_XMXO4NN9,52.6796875
ID_XN0ZAQQB,33.11328125
ID_XN10SXZD,67.328125
ID_XN3O8HZP,60.046875
ID_XN9WTBY1,14.8359375
ID_XNC9WTAC,23.109375
ID_XNSXFWTS,65.91015625
ID_XNXFWQ3B,39.1015625
ID_XO693RV7,169.20703125
ID_XO8E1HMR,25.5703125
ID_XOA9MCB7,37.921875
ID_XOM33LIP,12.05078125
ID_XPNODY9F,41.3671875
ID_XPTE0EFB,29.765625
ID_XQBSMX26,45.51953125
ID_XRBCNYVO,32.8515625
ID_XRUAG2MR,27.54296875
ID_XSD9FU0Q,97.41796875
ID_XT499ZPA,68.65234375
ID_XTH8V84D,11.1484375
ID_XTNBFQEN,14.984375
ID_XURNYXYJ,48.3515625
ID_XUZ7R909,31.9921875
ID_XV1O3SZP,20.5390625
ID_XWBKJNWL,32.875
ID_XWNNPUEK,51.46484375
ID_XWW0JED0,69.1953125
ID_XWZRUC69,123.140625
ID_XX76LLU0,61.1796875
ID_XXAFJ1FJ,61.734375
ID_XXDE7DBK,83.2421875
ID_XXLJ4R3I,72.69921875
ID_XXVOY8SL,52.30078125
ID_XY84705D,65.80078125
ID_XZ3KH3B9,77.125
ID_XZJCIO6E,61.9921875
ID_Y00W71M7,27.8984375
ID_Y0487A3A,72.82421875
ID_Y0MOLTLU,73.6484375
ID_Y1KU7LVP,53.75390625
ID_Y1WE5C7I,19.9296875
ID_Y38L9OQW,75.26953125
ID_Y3PDJN10,32.1640625
ID_Y3R1R4G9,23.75390625
ID_Y3YY9PD9,66.0859375
ID_Y4B2IINR,53.0390625
ID_Y4COKX6H,59.80078125
ID_Y4R23WBK,50.796875
ID_Y5434OPF,33.97265625
ID_Y5T1VF0B,48.453125
ID_Y68HHW23,50.71875
ID_Y6PXBHCX,86.21875
ID_Y6UUM6AM,23.1796875
ID_Y7CGJ1MO,43.4375
ID_Y7QSF5GO,66.3828125
ID_Y7W2D499,20.390625
ID_Y8TDOIKJ,65.3359375
ID_Y8TRY5WH,46.9140625
ID_YAMTZNQH,46.484375
ID_YB1MYEK0,41.66796875
ID_YCZTZCR5,155.109375
ID_YD98J4RF,25.6328125
ID_YDIET5J9,36.78125
ID_YEE23SAQ,9.2734375
ID_YEEHCSMV,27.5859375
ID_YF20HJGN,57.609375
ID_YFKTHT8Z,101.40625
ID_YG3OU6H4,68.17578125
ID_YH7KCK4C,44.39453125
ID_YHK49VN6,51.62890625
ID_YHY1ULWA,67.95703125
ID_YI5ZJMCT,36.609375
ID_YIKMQ4II,49.1953125
ID_YK1U1JRH,50.72265625
ID_YL8TNDS9,205.62109375
ID_YLIL8GZC,23.546875
ID_YMUWWF6Q,69.21484375
ID_YMV281RB,70.71484375
ID_YMVTMVKN,47.03125
ID_YN5PUWAS,32.6953125
ID_YOOBGDSC,57.38671875
ID_YOSC9EZL,64.828125
ID_YOZ014I0,34.9765625
ID_YP8G7BFM,47.55078125
ID_YPR8XDW6,41.03125
ID_YQRCWQKI,14.35546875
ID_YRSQEMKB,41.2421875
ID_YRWXJ41M,30.1484375
ID_YRZB8WOV,41.1328125
ID_YSL8HNP1,25.453125
ID_YT30PPJS,50.43359375
ID_YTT2V73Z,23.1953125
ID_YU1LOQV6,27.046875
ID_YUBSKFU8,108.0859375
ID_YUR9ZSFF,46.94921875
ID_YX9GJHDS,35.51171875
ID_YXEAP58E,90.92578125
ID_YXF7LKGM,31.5703125
ID_YXMQ5AA8,81.0859375
ID_YXOEZFNN,89.75
ID_YZ2Q9OYZ,4.9296875
ID_YZDFSD0Q,41.45703125
ID_YZFQDD31,19.3046875
ID_Z02A2D53,77.2109375
ID_Z0ZGQHWF,31.5
ID_Z27DSJY6,208.421875
ID_Z2ZT26AD,27.8359375
ID_Z3BCB9X4,33.0859375
ID_Z3IP0ZLK,28.984375
ID_Z43DT1LN,39.48046875
ID_Z4JYFER0,10.1640625
ID_Z5C82U6O,51.1484375
ID_Z5D1D35G,45.9609375
ID_Z5PEPOKB,66.68359375
ID_Z5ZUHU4P,13.56640625
ID_Z75WBAQI,71.36328125
ID_Z7CFACKK,66.9296875
ID_Z7V9553N,70.05078125
ID_Z7XI5QVJ,59.21484375
ID_Z82TO37X,91.07421875
ID_Z89TZWUH,52.4140625
ID_Z9JJRRCZ,61.7421875
ID_Z9O38O8M,38.44921875
ID_Z9UNHEUX,43.5546875
ID_ZAVTZWH3,79.828125
ID_ZBTF50A5,5.4140625
ID_ZCP19T2A,25.1171875
ID_ZDDS43VE,78.84765625
ID_ZDNXATA4,42.58203125
ID_ZE76EQO9,40.09375
ID_ZEK37ZLB,53.78125
ID_ZEROD0EB,173.65234375
ID_ZEYUVQW5,48.9921875
ID_ZEZ3FQVD,35.1484375
ID_ZFESAJDO,7.1328125
ID_ZFK5RD2K,52.453125
ID_ZGABDOAV,60.90625
ID_ZGCN4FH1,30.6328125
ID_ZGHLOUW6,30.33984375
ID_ZHZJT77T,42.51171875
ID_ZI7E3MDH,77.3046875
ID_ZIGL64ZT,115.6015625
ID_ZILPVPDQ,136.609375
ID_ZJPAB8D5,6.234375
ID_ZJSUGAW6,70.390625
ID_ZKCCJDDP,196.2109375
ID_ZKDYAUIK,74.62109375
ID_ZL5Q69OO,78.3515625
ID_ZLHVXQ4N,29.5234375
ID_ZMYQZVU9,35.15625
ID_ZNTDH93N,55.625
ID_ZNU4C9HS,28.62109375
ID_ZOFF0W3M,57.10546875
ID_ZOP4AV6K,32.5390625
ID_ZOU0PRJ7,50.1875
ID_ZPHWK76G,69.8671875
ID_ZPYMRYLS,24.0390625
ID_ZRLTYK1F,69.1796875
ID_ZSM7M7XK,21.4609375
ID_ZTP1R39M,43.796875
ID_ZU9F3J8T,43.0703125
ID_ZUTMO4UV,75.234375
ID_ZVL1ZTMB,57.2734375
ID_ZW2WKRVB,63.20703125
ID_ZW5RSNUS,27.21875
ID_ZWCI817N,95.28125
ID_ZX5858FJ,36.046875
ID_ZY4XOL2H,229.90234375
ID_ZYTEVEBR,97.23046875
